Watching for file changes with StatReloader
INFO 2026-05-11 09:13:09,799 autoreload 16786 Watching for file changes with StatReloader
INFO 2026-05-11 09:13:13,761 views 16786 Webhook GET Handshake: timestamp=1778490792884, batch_id=5af415e2-ca0c-4ffe-9072-8b0787ca3058 -> signature generated
DEBUG 2026-05-11 09:13:36,764 views 16786 Webhook Verification: signature=sha256=6a9f20c8115f03886cf14d3b654ef8ad584f902bf66d1ec55eaab3fc683eb4f5 timestamp=1778490816190 batch_id=d3f45c7a5912446b8ea0f992bf8439f0
INFO 2026-05-11 09:13:36,764 views 16786 Webhook Verification: signature MATCHED for message: b'1778490816190.d3f45c7a5912446b8ea0f992bf8439f0'
INFO 2026-05-11 09:13:36,765 views 16786 WEBHOOK[709250ce]: received batch of 1 message(s)
DEBUG 2026-05-11 09:13:39,488 views 16786 Webhook Verification: signature=sha256=0312b1a57b7fd375f984b3e5485149bb4426de46d1ea12f90790ca1c76c102dc timestamp=1778490818936 batch_id=15a774039d3e4129a53059f983242a70
INFO 2026-05-11 09:13:39,488 views 16786 Webhook Verification: signature MATCHED for message: b'1778490818936.15a774039d3e4129a53059f983242a70'
INFO 2026-05-11 09:13:39,490 views 16786 WEBHOOK[56f974a1]: received batch of 1 message(s)
DEBUG 2026-05-11 09:13:42,954 views 16786 Webhook Verification: signature=sha256=788d26865c3e5501167af20ff54ebd71258e57477aeb2614959e19b5a44ac4e7 timestamp=1778490822287 batch_id=a7350fd87cf34fbbb5029c0b6cdab875
INFO 2026-05-11 09:13:42,955 views 16786 Webhook Verification: signature MATCHED for message: b'1778490822287.a7350fd87cf34fbbb5029c0b6cdab875'
INFO 2026-05-11 09:13:42,955 views 16786 WEBHOOK[e106084e]: received batch of 1 message(s)
DEBUG 2026-05-11 09:13:44,472 views 16786 Webhook Verification: signature=sha256=9606090039f1d4adb219554834c9fd40d2a54eb3b30910f4f7b09e19849237f9 timestamp=1778490823752 batch_id=b4e7ad74c5814f70a6d49b3c1c35afc1
INFO 2026-05-11 09:13:44,472 views 16786 Webhook Verification: signature MATCHED for message: b'1778490823752.b4e7ad74c5814f70a6d49b3c1c35afc1'
INFO 2026-05-11 09:13:44,472 views 16786 WEBHOOK[d7e61dc6]: received batch of 1 message(s)
DEBUG 2026-05-11 09:13:59,170 views 16786 Webhook Verification: signature=sha256=9c7aa4a8a4ad54998024fb2c06b21779fcc3b64bd3af469cc43c53f949c87194 timestamp=1778490838886 batch_id=223f7f7c356a49938e2b81b2cf87cc6e
INFO 2026-05-11 09:13:59,171 views 16786 Webhook Verification: signature MATCHED for message: b'1778490838886.223f7f7c356a49938e2b81b2cf87cc6e'
INFO 2026-05-11 09:13:59,171 views 16786 WEBHOOK[af590ca9]: received batch of 1 message(s)
DEBUG 2026-05-11 09:14:01,952 views 16786 Webhook Verification: signature=sha256=3683b0ba3d76f45665c34dd6bb6baac7bd694fc94f8919b3d505a4e49295a623 timestamp=1778490841652 batch_id=5fd62fdf40374896aaa382166e5bd33b
INFO 2026-05-11 09:14:01,952 views 16786 Webhook Verification: signature MATCHED for message: b'1778490841652.5fd62fdf40374896aaa382166e5bd33b'
INFO 2026-05-11 09:14:01,953 views 16786 WEBHOOK[a9b86817]: received batch of 1 message(s)
DEBUG 2026-05-11 09:14:17,791 views 16786 Webhook Verification: signature=sha256=a0511be8e05332921fd7024dfb5c35808ebdb60619478d3edcbc8e5ca8b34456 timestamp=1778490856963 batch_id=c4a6433b776b4fe19a3f697d6fdbb183
INFO 2026-05-11 09:14:17,791 views 16786 Webhook Verification: signature MATCHED for message: b'1778490856963.c4a6433b776b4fe19a3f697d6fdbb183'
INFO 2026-05-11 09:14:17,791 views 16786 WEBHOOK[d07a920d]: received batch of 1 message(s)
DEBUG 2026-05-11 09:14:38,904 views 16786 Webhook Verification: signature=sha256=be7af844577156d34ad030a69b3c582281b63094f1a3a43aa85f23bc2b5ae324 timestamp=1778490878457 batch_id=09bd46c07b404571a8ce172f1c3cb6b5
INFO 2026-05-11 09:14:38,904 views 16786 Webhook Verification: signature MATCHED for message: b'1778490878457.09bd46c07b404571a8ce172f1c3cb6b5'
INFO 2026-05-11 09:14:38,905 views 16786 WEBHOOK[849e675a]: received batch of 1 message(s)
DEBUG 2026-05-11 09:14:53,945 views 16786 Webhook Verification: signature=sha256=9cd1120cf78b8afbef3f1d725afb2dbd9ddaec25fd3d19eb025a41a283c0cb96 timestamp=1778490892997 batch_id=576c0335e83248daac70f4edcc040842
INFO 2026-05-11 09:14:53,945 views 16786 Webhook Verification: signature MATCHED for message: b'1778490892997.576c0335e83248daac70f4edcc040842'
INFO 2026-05-11 09:14:53,946 views 16786 WEBHOOK[365738ed]: received batch of 1 message(s)
DEBUG 2026-05-11 09:14:58,643 views 16786 Webhook Verification: signature=sha256=fc9db38a987f290da8b6edc67334ed887f225c70a2ca1d352806e3b68e003cea timestamp=1778490898571 batch_id=9dc20f7205564dbf8f243519433f496d
INFO 2026-05-11 09:14:58,643 views 16786 Webhook Verification: signature MATCHED for message: b'1778490898571.9dc20f7205564dbf8f243519433f496d'
INFO 2026-05-11 09:14:58,644 views 16786 WEBHOOK[d9317115]: received batch of 1 message(s)
DEBUG 2026-05-11 09:14:59,188 views 16786 Webhook Verification: signature=sha256=3af6ea446c70bf123b1aa15355575ed21ebbd364821fe12f851ccfefb692c1d5 timestamp=1778490899098 batch_id=4c249582e86c4662bb70e0d6f4f57d69
INFO 2026-05-11 09:14:59,188 views 16786 Webhook Verification: signature MATCHED for message: b'1778490899098.4c249582e86c4662bb70e0d6f4f57d69'
INFO 2026-05-11 09:14:59,188 views 16786 WEBHOOK[792731f2]: received batch of 1 message(s)
DEBUG 2026-05-11 09:15:01,919 views 16786 Webhook Verification: signature=sha256=7999d6ea67c9ef55c32eb08a3b086620b7969694e427776ad8f8de4691707a74 timestamp=1778490901738 batch_id=a4dd2afc8c194babbddfd08175781ea6
INFO 2026-05-11 09:15:01,920 views 16786 Webhook Verification: signature MATCHED for message: b'1778490901738.a4dd2afc8c194babbddfd08175781ea6'
INFO 2026-05-11 09:15:01,920 views 16786 WEBHOOK[d2041960]: received batch of 1 message(s)
DEBUG 2026-05-11 09:15:12,779 views 16786 Webhook Verification: signature=sha256=7cce2101eec20fcde2d3420f24bb374ecd22bd0bc8e1c52aa903cc07decefcd3 timestamp=1778490912227 batch_id=0823268cb4af4c5b9eb694ee38462300
INFO 2026-05-11 09:15:12,779 views 16786 Webhook Verification: signature MATCHED for message: b'1778490912227.0823268cb4af4c5b9eb694ee38462300'
INFO 2026-05-11 09:15:12,779 views 16786 WEBHOOK[e4def1c8]: received batch of 1 message(s)
DEBUG 2026-05-11 09:15:59,921 views 16786 Webhook Verification: signature=sha256=84894a9b546505ff4af8f53d6ab7d35954ba416c2490c156172310e509ba0558 timestamp=1778490958780 batch_id=9246c7ae758543ceb748de4011093ac6
INFO 2026-05-11 09:15:59,921 views 16786 Webhook Verification: signature MATCHED for message: b'1778490958780.9246c7ae758543ceb748de4011093ac6'
INFO 2026-05-11 09:15:59,921 views 16786 WEBHOOK[7e677c78]: received batch of 1 message(s)
DEBUG 2026-05-11 09:16:01,565 views 16786 Webhook Verification: signature=sha256=58a65dc54c71c54ceb55fd3b2dc5c0bac4c97bb14b2a431ded0af04b457323af timestamp=1778490961473 batch_id=20491307bd0b4e25be35351eb90cbfea
INFO 2026-05-11 09:16:01,565 views 16786 Webhook Verification: signature MATCHED for message: b'1778490961473.20491307bd0b4e25be35351eb90cbfea'
INFO 2026-05-11 09:16:01,566 views 16786 WEBHOOK[2aa9398e]: received batch of 1 message(s)
DEBUG 2026-05-11 09:17:02,414 views 16786 Webhook Verification: signature=sha256=fa9cad49165ddd484c2d105cd032bcf2e0bd7badbb6b4e288876f71eef9306a5 timestamp=1778491022372 batch_id=f512fd8cf22440f699cdf8e203911a7d
INFO 2026-05-11 09:17:02,415 views 16786 Webhook Verification: signature MATCHED for message: b'1778491022372.f512fd8cf22440f699cdf8e203911a7d'
INFO 2026-05-11 09:17:02,415 views 16786 WEBHOOK[f5b48b94]: received batch of 1 message(s)
DEBUG 2026-05-11 09:17:10,001 views 16786 Webhook Verification: signature=sha256=62bf146d7d256e4a29a1b0acf41c74745c64b6f518992ca4bbe463b2aae19392 timestamp=1778491029709 batch_id=53862aeaf9b94b8fa71b849e038cffad
INFO 2026-05-11 09:17:10,001 views 16786 Webhook Verification: signature MATCHED for message: b'1778491029709.53862aeaf9b94b8fa71b849e038cffad'
INFO 2026-05-11 09:17:10,002 views 16786 WEBHOOK[c4aca99d]: received batch of 1 message(s)
DEBUG 2026-05-11 09:17:10,263 views 16786 Webhook Verification: signature=sha256=580314df8c797faba8cd34177f45f4ed9abbac3fec4aab552bce8f0ead56bf0d timestamp=1778491029961 batch_id=bbd1567cbc7c4a1588cf34703ac8cebe
INFO 2026-05-11 09:17:10,263 views 16786 Webhook Verification: signature MATCHED for message: b'1778491029961.bbd1567cbc7c4a1588cf34703ac8cebe'
INFO 2026-05-11 09:17:10,263 views 16786 WEBHOOK[01447fcd]: received batch of 1 message(s)
DEBUG 2026-05-11 09:17:15,107 views 16786 Webhook Verification: signature=sha256=e2ff542f0232c4e05ad1fad6970bde148d7b64714f6425a0caa402f4a5fabd56 timestamp=1778491034643 batch_id=3e4732866033490c8bc793ff2042d079
INFO 2026-05-11 09:17:15,108 views 16786 Webhook Verification: signature MATCHED for message: b'1778491034643.3e4732866033490c8bc793ff2042d079'
INFO 2026-05-11 09:17:15,109 views 16786 WEBHOOK[011f9bd1]: received batch of 1 message(s)
DEBUG 2026-05-11 09:17:34,354 views 16786 Webhook Verification: signature=sha256=299a1446d841d4176d8c1737e03d99e6b08ceddab880bd5aa5349d4c07de6ae4 timestamp=1778491053250 batch_id=ab7288cd5bc549bb94792476e7041f53
INFO 2026-05-11 09:17:34,354 views 16786 Webhook Verification: signature MATCHED for message: b'1778491053250.ab7288cd5bc549bb94792476e7041f53'
INFO 2026-05-11 09:17:34,355 views 16786 WEBHOOK[87f145a5]: received batch of 1 message(s)
DEBUG 2026-05-11 09:17:59,850 views 16786 Webhook Verification: signature=sha256=fed81203f774dcf939a228e7660855ce15392fa6ac2b1905c92008e244f6d06d timestamp=1778491078925 batch_id=82c8acd6be3541a4a6717f6166f40747
INFO 2026-05-11 09:17:59,850 views 16786 Webhook Verification: signature MATCHED for message: b'1778491078925.82c8acd6be3541a4a6717f6166f40747'
INFO 2026-05-11 09:17:59,850 views 16786 WEBHOOK[acecf460]: received batch of 1 message(s)
DEBUG 2026-05-11 09:18:02,773 views 16786 Webhook Verification: signature=sha256=b45907f0066eeae3c8f291cfc01d430f824f057dd42e92b9428b97ee583776b8 timestamp=1778491081748 batch_id=fa16b8ede61d4fd5a3755d396b5b2da9
INFO 2026-05-11 09:18:02,773 views 16786 Webhook Verification: signature MATCHED for message: b'1778491081748.fa16b8ede61d4fd5a3755d396b5b2da9'
INFO 2026-05-11 09:18:02,773 views 16786 WEBHOOK[108eaf2b]: received batch of 1 message(s)
DEBUG 2026-05-11 09:18:43,009 views 16786 Webhook Verification: signature=sha256=d8c583930eca017e57400a9534791cb8f15c66d8838f725b605f5d61bbefaa4d timestamp=1778491122733 batch_id=015ce431234a456182f040c6aee4ce16
INFO 2026-05-11 09:18:43,010 views 16786 Webhook Verification: signature MATCHED for message: b'1778491122733.015ce431234a456182f040c6aee4ce16'
INFO 2026-05-11 09:18:43,010 views 16786 WEBHOOK[cb5a39b8]: received batch of 1 message(s)
DEBUG 2026-05-11 09:18:45,579 views 16786 Webhook Verification: signature=sha256=20d59e098e09286809f30795d3dbfe51071e7104faab1c0701d8623da1ed023e timestamp=1778491125217 batch_id=8c2c659c01dd456c9659fddb982c771a
INFO 2026-05-11 09:18:45,579 views 16786 Webhook Verification: signature MATCHED for message: b'1778491125217.8c2c659c01dd456c9659fddb982c771a'
INFO 2026-05-11 09:18:45,580 views 16786 WEBHOOK[f85e8d59]: received batch of 1 message(s)
DEBUG 2026-05-11 09:18:50,843 views 16786 Webhook Verification: signature=sha256=613d6a9ca2b132bc4e9d9b2e1968a531afe42ae3f8663df560e26a3d0dafbff0 timestamp=1778491130305 batch_id=603c9fe83c9b461fa3c4feaee75bbf5c
INFO 2026-05-11 09:18:50,844 views 16786 Webhook Verification: signature MATCHED for message: b'1778491130305.603c9fe83c9b461fa3c4feaee75bbf5c'
INFO 2026-05-11 09:18:50,844 views 16786 WEBHOOK[22beae1b]: received batch of 1 message(s)
DEBUG 2026-05-11 09:18:59,641 views 16786 Webhook Verification: signature=sha256=531f4c8f18594e334a19e865b856c6a65592603fcb543183f1db88bdc221337d timestamp=1778491138810 batch_id=210a7cc02280407386f422ffafe98eea
INFO 2026-05-11 09:18:59,642 views 16786 Webhook Verification: signature MATCHED for message: b'1778491138810.210a7cc02280407386f422ffafe98eea'
INFO 2026-05-11 09:18:59,642 views 16786 WEBHOOK[005c3f37]: received batch of 1 message(s)
DEBUG 2026-05-11 09:19:05,767 views 16786 Webhook Verification: signature=sha256=0f9ca4ee1027520cceb71eb1a38a183fa1709747bb85b5eba1d417897c56a9d7 timestamp=1778491144732 batch_id=51ec519f197c46819665c11d105ad13a
INFO 2026-05-11 09:19:05,767 views 16786 Webhook Verification: signature MATCHED for message: b'1778491144732.51ec519f197c46819665c11d105ad13a'
INFO 2026-05-11 09:19:05,767 views 16786 WEBHOOK[39c64263]: received batch of 1 message(s)
DEBUG 2026-05-11 09:19:50,297 views 16786 Webhook Verification: signature=sha256=34c95929ac0c46ad55ef437228315c59c8ae4dd2dfe6f592478dc5966ccd901e timestamp=1778491189858 batch_id=ad915a38f3fc4ac690aec6577acd2a40
INFO 2026-05-11 09:19:50,297 views 16786 Webhook Verification: signature MATCHED for message: b'1778491189858.ad915a38f3fc4ac690aec6577acd2a40'
INFO 2026-05-11 09:19:50,297 views 16786 WEBHOOK[dc2b35bc]: received batch of 1 message(s)
DEBUG 2026-05-11 09:20:07,496 views 16786 Webhook Verification: signature=sha256=3ed9777fcfcdc799239e9d47d0639d67f4aeaf17dd403dac0c898be8f79749d6 timestamp=1778491206456 batch_id=964b3bf16170455f8de424a7b000c303
INFO 2026-05-11 09:20:07,497 views 16786 Webhook Verification: signature MATCHED for message: b'1778491206456.964b3bf16170455f8de424a7b000c303'
INFO 2026-05-11 09:20:07,497 views 16786 WEBHOOK[eaf6ee2d]: received batch of 1 message(s)
DEBUG 2026-05-11 09:20:11,398 views 16786 Webhook Verification: signature=sha256=5a91bb07afa056bf1ffecde41625d2a5632d2b83ef2fcd386ccd2cdd594af9a2 timestamp=1778491211174 batch_id=054e9728c66b406b812e7bdf077ed418
INFO 2026-05-11 09:20:11,398 views 16786 Webhook Verification: signature MATCHED for message: b'1778491211174.054e9728c66b406b812e7bdf077ed418'
INFO 2026-05-11 09:20:11,399 views 16786 WEBHOOK[9956d5b2]: received batch of 1 message(s)
DEBUG 2026-05-11 09:20:13,306 views 16786 Webhook Verification: signature=sha256=be4266315e59b09912150133f5e5db8ed92175c29da3cb1eb5f328e6d8655443 timestamp=1778491213146 batch_id=6350167bfbdb4559b864654db4ba03b0
INFO 2026-05-11 09:20:13,307 views 16786 Webhook Verification: signature MATCHED for message: b'1778491213146.6350167bfbdb4559b864654db4ba03b0'
INFO 2026-05-11 09:20:13,307 views 16786 WEBHOOK[10bb204d]: received batch of 1 message(s)
DEBUG 2026-05-11 09:20:27,379 views 16786 Webhook Verification: signature=sha256=5561eff338398128c942a22da5592b7dd65bddf7da898ebf8fb5d47fe7c0675f timestamp=1778491226707 batch_id=bb09146e03c24a7893f0fe5ee8f32ad0
INFO 2026-05-11 09:20:27,379 views 16786 Webhook Verification: signature MATCHED for message: b'1778491226707.bb09146e03c24a7893f0fe5ee8f32ad0'
INFO 2026-05-11 09:20:27,379 views 16786 WEBHOOK[c057ea9c]: received batch of 1 message(s)
DEBUG 2026-05-11 09:20:33,797 views 16786 Webhook Verification: signature=sha256=c7505504a07347d53e20d7ca14dce2c30234043af65e4a742ac8066cb406b0c4 timestamp=1778491232908 batch_id=03f709a29cfe40ef82816affaccc03a5
INFO 2026-05-11 09:20:33,798 views 16786 Webhook Verification: signature MATCHED for message: b'1778491232908.03f709a29cfe40ef82816affaccc03a5'
INFO 2026-05-11 09:20:33,798 views 16786 WEBHOOK[9a8c8ec0]: received batch of 1 message(s)
DEBUG 2026-05-11 09:20:37,977 views 16786 Webhook Verification: signature=sha256=27d68b7935be1660484a3e1eb6842e5f4bb027f72960d406ea12f6384ddfbb35 timestamp=1778491236950 batch_id=fb092800f51a4a2f9ed03721df32671e
INFO 2026-05-11 09:20:37,978 views 16786 Webhook Verification: signature MATCHED for message: b'1778491236950.fb092800f51a4a2f9ed03721df32671e'
INFO 2026-05-11 09:20:37,978 views 16786 WEBHOOK[5b2c4e65]: received batch of 1 message(s)
DEBUG 2026-05-11 09:20:42,656 views 16786 Webhook Verification: signature=sha256=f235dbce09b4988ee066c5ddaf1bfeabd05de86c4fecbf0ef14fc6419ac05adc timestamp=1778491242545 batch_id=c0717195c8de4fce8ed70bc4ba1c6ee7
INFO 2026-05-11 09:20:42,656 views 16786 Webhook Verification: signature MATCHED for message: b'1778491242545.c0717195c8de4fce8ed70bc4ba1c6ee7'
INFO 2026-05-11 09:20:42,656 views 16786 WEBHOOK[ab0c1f24]: received batch of 1 message(s)
DEBUG 2026-05-11 09:20:45,660 views 16786 Webhook Verification: signature=sha256=95ccfb751051778ce3fbeaa2d9ae3a1c9dae994b67a147c8eaafc8bea0c327ed timestamp=1778491245450 batch_id=1d3dbf947ebf4fe69d4caa2b094758bb
INFO 2026-05-11 09:20:45,660 views 16786 Webhook Verification: signature MATCHED for message: b'1778491245450.1d3dbf947ebf4fe69d4caa2b094758bb'
INFO 2026-05-11 09:20:45,661 views 16786 WEBHOOK[a23e726b]: received batch of 1 message(s)
DEBUG 2026-05-11 09:20:49,332 views 16786 Webhook Verification: signature=sha256=fe6c23402b609800ae7654ad3ff013a014f2ca0e22ae34d468c95798cead7957 timestamp=1778491249000 batch_id=d95f5e5570e344d580dee731a61dffa6
INFO 2026-05-11 09:20:49,333 views 16786 Webhook Verification: signature MATCHED for message: b'1778491249000.d95f5e5570e344d580dee731a61dffa6'
INFO 2026-05-11 09:20:49,333 views 16786 WEBHOOK[b9cc9722]: received batch of 1 message(s)
DEBUG 2026-05-11 09:21:03,568 views 16786 Webhook Verification: signature=sha256=f6486d322b3a5299a10ad923ef6067967a6eddcb92d91a1194e842e225eee598 timestamp=1778491262765 batch_id=164366e533f24b21b3cba4301ceabf49
INFO 2026-05-11 09:21:03,568 views 16786 Webhook Verification: signature MATCHED for message: b'1778491262765.164366e533f24b21b3cba4301ceabf49'
INFO 2026-05-11 09:21:03,568 views 16786 WEBHOOK[9756f813]: received batch of 1 message(s)
DEBUG 2026-05-11 09:21:04,696 views 16786 Webhook Verification: signature=sha256=7383520b1e11d64013fb48447756420864b4c9f0e45cbdbd20317a3c443a39dc timestamp=1778491263854 batch_id=75e62d584f00463f95abba0b8ae9dc93
INFO 2026-05-11 09:21:04,697 views 16786 Webhook Verification: signature MATCHED for message: b'1778491263854.75e62d584f00463f95abba0b8ae9dc93'
INFO 2026-05-11 09:21:04,697 views 16786 WEBHOOK[e1fa937d]: received batch of 1 message(s)
DEBUG 2026-05-11 09:21:12,325 views 16786 Webhook Verification: signature=sha256=bd3b5e6a95ae16bf88626cc44dcdcd2158ff66abc2e68da96420c237699bf2da timestamp=1778491271230 batch_id=8899ef70a9d7493ebf34d6c363f1d223
INFO 2026-05-11 09:21:12,325 views 16786 Webhook Verification: signature MATCHED for message: b'1778491271230.8899ef70a9d7493ebf34d6c363f1d223'
INFO 2026-05-11 09:21:12,325 views 16786 WEBHOOK[ba5197f1]: received batch of 1 message(s)
DEBUG 2026-05-11 09:21:15,563 views 16786 Webhook Verification: signature=sha256=23cf8bd407632dc1e4a1bc054af0f340a8fafc35f47c4c9402cfb528716f7ce3 timestamp=1778491275392 batch_id=37b07d4fc8d1499e9bfe914f36a2ee8b
INFO 2026-05-11 09:21:15,563 views 16786 Webhook Verification: signature MATCHED for message: b'1778491275392.37b07d4fc8d1499e9bfe914f36a2ee8b'
INFO 2026-05-11 09:21:15,563 views 16786 WEBHOOK[0422bd60]: received batch of 1 message(s)
DEBUG 2026-05-11 09:21:44,217 views 16786 Webhook Verification: signature=sha256=6f9d459331b443e69ecbf0e58cf5f98b29e57c007bc547f32854e78b39a0782a timestamp=1778491304088 batch_id=c30d8f566a2e4355a3eff24d624c5dc8
INFO 2026-05-11 09:21:44,217 views 16786 Webhook Verification: signature MATCHED for message: b'1778491304088.c30d8f566a2e4355a3eff24d624c5dc8'
INFO 2026-05-11 09:21:44,218 views 16786 WEBHOOK[6963d534]: received batch of 1 message(s)
DEBUG 2026-05-11 09:21:55,422 views 16786 Webhook Verification: signature=sha256=36fde3e7712c3be30e333b0c4b3e3b2640d8af4f3562658f4b3c95c1fb1fab53 timestamp=1778491314919 batch_id=22e45544e5164027a066a50d36fabc94
INFO 2026-05-11 09:21:55,422 views 16786 Webhook Verification: signature MATCHED for message: b'1778491314919.22e45544e5164027a066a50d36fabc94'
INFO 2026-05-11 09:21:55,423 views 16786 WEBHOOK[0407bf43]: received batch of 1 message(s)
DEBUG 2026-05-11 09:21:57,539 views 16786 Webhook Verification: signature=sha256=39b352161bceea2651ac8fa1d5e85aa41577a44c155893f4a225b0253a80aacd timestamp=1778491316965 batch_id=7e2cd15ecc5f4637a76b9dd6528e4707
INFO 2026-05-11 09:21:57,539 views 16786 Webhook Verification: signature MATCHED for message: b'1778491316965.7e2cd15ecc5f4637a76b9dd6528e4707'
INFO 2026-05-11 09:21:57,539 views 16786 WEBHOOK[4c838fe3]: received batch of 1 message(s)
DEBUG 2026-05-11 09:22:02,585 views 16786 Webhook Verification: signature=sha256=78c578cd3a9284cc745fba99a58cee5a7d39cdc03465657171de334f27b81367 timestamp=1778491321842 batch_id=9c882e84fe4d4af980d53b8386b8d0b5
INFO 2026-05-11 09:22:02,585 views 16786 Webhook Verification: signature MATCHED for message: b'1778491321842.9c882e84fe4d4af980d53b8386b8d0b5'
INFO 2026-05-11 09:22:02,585 views 16786 WEBHOOK[e01ae4e1]: received batch of 1 message(s)
DEBUG 2026-05-11 09:22:50,677 views 16786 Webhook Verification: signature=sha256=ba78d32b7effe69a53e474c1d691d1c244b5d25fdd03c84329d86a38a9b29899 timestamp=1778491370451 batch_id=515afd55aaae4aeb85f5ab5d3c1ad842
INFO 2026-05-11 09:22:50,677 views 16786 Webhook Verification: signature MATCHED for message: b'1778491370451.515afd55aaae4aeb85f5ab5d3c1ad842'
INFO 2026-05-11 09:22:50,678 views 16786 WEBHOOK[08f5dd9c]: received batch of 1 message(s)
DEBUG 2026-05-11 09:22:58,381 views 16786 Webhook Verification: signature=sha256=cf323c5e3379167cb3613db93c4abe3fdec53028200cc01c4ad1f3894e9e0d5e timestamp=1778491377898 batch_id=6065beb87d1d41cd8b068375f9b7b03c
INFO 2026-05-11 09:22:58,382 views 16786 Webhook Verification: signature MATCHED for message: b'1778491377898.6065beb87d1d41cd8b068375f9b7b03c'
INFO 2026-05-11 09:22:58,382 views 16786 WEBHOOK[3f56235c]: received batch of 1 message(s)
DEBUG 2026-05-11 09:23:00,878 views 16786 Webhook Verification: signature=sha256=81b1aca94b5873e9aa947e4870e7fe6e26f2faca97a4eacf002aaad7abaf9152 timestamp=1778491380315 batch_id=deac8f3d513745f9acf95863c83136a7
INFO 2026-05-11 09:23:00,878 views 16786 Webhook Verification: signature MATCHED for message: b'1778491380315.deac8f3d513745f9acf95863c83136a7'
INFO 2026-05-11 09:23:00,878 views 16786 WEBHOOK[b1e6274f]: received batch of 1 message(s)
DEBUG 2026-05-11 09:23:03,207 views 16786 Webhook Verification: signature=sha256=609b564c74452999c7a38dc689e65532354bcf168b5d681183266c469bd5f1e4 timestamp=1778491382566 batch_id=b54ea33d151b410c9cb1f7311c8da547
INFO 2026-05-11 09:23:03,208 views 16786 Webhook Verification: signature MATCHED for message: b'1778491382566.b54ea33d151b410c9cb1f7311c8da547'
INFO 2026-05-11 09:23:03,208 views 16786 WEBHOOK[48ef0aff]: received batch of 1 message(s)
DEBUG 2026-05-11 09:23:07,456 views 16786 Webhook Verification: signature=sha256=37ea742f01fe21e5fbb18a4d518ba658a20387a2124e331b8331d248ff456f01 timestamp=1778491386670 batch_id=b5562d45e6a84daeba5bebc6096397eb
INFO 2026-05-11 09:23:07,456 views 16786 Webhook Verification: signature MATCHED for message: b'1778491386670.b5562d45e6a84daeba5bebc6096397eb'
INFO 2026-05-11 09:23:07,457 views 16786 WEBHOOK[e761de77]: received batch of 1 message(s)
DEBUG 2026-05-11 09:23:12,784 views 16786 Webhook Verification: signature=sha256=02a61bcc52cccee41ee971b1f2c0e387981911e93b658da0da58a597256e6bee timestamp=1778491391823 batch_id=c195361496964d70a9c2692bce4504b0
INFO 2026-05-11 09:23:12,785 views 16786 Webhook Verification: signature MATCHED for message: b'1778491391823.c195361496964d70a9c2692bce4504b0'
INFO 2026-05-11 09:23:12,785 views 16786 WEBHOOK[12578a9c]: received batch of 1 message(s)
DEBUG 2026-05-11 09:23:17,838 views 16786 Webhook Verification: signature=sha256=0c61332e4ba3bf66a6f8b58b9e90a38df12acb18514704342102eaf149b437bb timestamp=1778491397753 batch_id=244723bfff1547cda7234755d3c82572
INFO 2026-05-11 09:23:17,839 views 16786 Webhook Verification: signature MATCHED for message: b'1778491397753.244723bfff1547cda7234755d3c82572'
INFO 2026-05-11 09:23:17,839 views 16786 WEBHOOK[b425d773]: received batch of 1 message(s)
DEBUG 2026-05-11 09:23:51,378 views 16786 Webhook Verification: signature=sha256=8ea5872bd180c3299147b87eaf8469f27f94bec7807675b62ec05e172f999165 timestamp=1778491431191 batch_id=e7ec7296fdc248059913f121202f1244
INFO 2026-05-11 09:23:51,378 views 16786 Webhook Verification: signature MATCHED for message: b'1778491431191.e7ec7296fdc248059913f121202f1244'
INFO 2026-05-11 09:23:51,379 views 16786 WEBHOOK[fee33f31]: received batch of 1 message(s)
DEBUG 2026-05-11 09:23:59,771 views 16786 Webhook Verification: signature=sha256=a18524a69620ecf8aa8bf0797b8d805047a70d0c17b0437cab7a45c022519e55 timestamp=1778491439317 batch_id=3a48a9942b894b2da682f549d7a7d734
INFO 2026-05-11 09:23:59,771 views 16786 Webhook Verification: signature MATCHED for message: b'1778491439317.3a48a9942b894b2da682f549d7a7d734'
INFO 2026-05-11 09:23:59,772 views 16786 WEBHOOK[a5f0e4f2]: received batch of 1 message(s)
DEBUG 2026-05-11 09:24:02,786 views 16786 Webhook Verification: signature=sha256=ac801b3227cc0c44063c43925e00371dbc8499609f2e35a82aef09590d3dbe53 timestamp=1778491442234 batch_id=c8cc4c6200904541b586860b18ae5327
INFO 2026-05-11 09:24:02,786 views 16786 Webhook Verification: signature MATCHED for message: b'1778491442234.c8cc4c6200904541b586860b18ae5327'
INFO 2026-05-11 09:24:02,787 views 16786 WEBHOOK[5630c666]: received batch of 1 message(s)
DEBUG 2026-05-11 09:24:05,540 views 16786 Webhook Verification: signature=sha256=bfa67ced3ddd3e1f54c45a239d32f5a22f628a3db78958668be391657695d4b2 timestamp=1778491444893 batch_id=c7daabf96bc442ce8aad4f769053a4d6
INFO 2026-05-11 09:24:05,540 views 16786 Webhook Verification: signature MATCHED for message: b'1778491444893.c7daabf96bc442ce8aad4f769053a4d6'
INFO 2026-05-11 09:24:05,540 views 16786 WEBHOOK[cc640245]: received batch of 1 message(s)
DEBUG 2026-05-11 09:24:06,836 views 16786 Webhook Verification: signature=sha256=0343959dc70ec94b04bdda4923fb41dccb91097942814ca96c5e17d6375d7e23 timestamp=1778491446140 batch_id=955d42f140ce4e9aa15e067649a6d918
INFO 2026-05-11 09:24:06,836 views 16786 Webhook Verification: signature MATCHED for message: b'1778491446140.955d42f140ce4e9aa15e067649a6d918'
INFO 2026-05-11 09:24:06,836 views 16786 WEBHOOK[9204cc1e]: received batch of 1 message(s)
DEBUG 2026-05-11 09:24:09,997 views 16786 Webhook Verification: signature=sha256=b0bf34a351053b1b2d1eb9f542c5d844a1d381e4bc7bf0030926093eb262c3e0 timestamp=1778491449195 batch_id=8abefd26d22a4780b09d3e1044ba6f9a
INFO 2026-05-11 09:24:09,997 views 16786 Webhook Verification: signature MATCHED for message: b'1778491449195.8abefd26d22a4780b09d3e1044ba6f9a'
INFO 2026-05-11 09:24:09,997 views 16786 WEBHOOK[3f3f69eb]: received batch of 1 message(s)
DEBUG 2026-05-11 09:24:13,984 views 16786 Webhook Verification: signature=sha256=bf48b2d36b2a6dc8b581022e0653229fbf0ff18763e3eacaa3ede9ae60984a51 timestamp=1778491453046 batch_id=33c1680c362747d39ecce13e6dd53381
INFO 2026-05-11 09:24:13,984 views 16786 Webhook Verification: signature MATCHED for message: b'1778491453046.33c1680c362747d39ecce13e6dd53381'
INFO 2026-05-11 09:24:13,984 views 16786 WEBHOOK[0b7aeb3f]: received batch of 1 message(s)
DEBUG 2026-05-11 09:24:22,573 views 16786 Webhook Verification: signature=sha256=4437e2b823d03d4e9ab2370dd8f575f944e728c822082c7de710ce4a76122b60 timestamp=1778491462411 batch_id=a356a0563c7d478289ebe6b26adf7202
INFO 2026-05-11 09:24:22,574 views 16786 Webhook Verification: signature MATCHED for message: b'1778491462411.a356a0563c7d478289ebe6b26adf7202'
INFO 2026-05-11 09:24:22,574 views 16786 WEBHOOK[0b471823]: received batch of 1 message(s)
DEBUG 2026-05-11 09:24:52,140 views 16786 Webhook Verification: signature=sha256=51578bdb670dc2edf63d0d07c7c48ffe798ccec2bc6cdd3c2b419e8d12958bd5 timestamp=1778491492026 batch_id=a58868bc213244a6b5e5db94e59d7510
INFO 2026-05-11 09:24:52,141 views 16786 Webhook Verification: signature MATCHED for message: b'1778491492026.a58868bc213244a6b5e5db94e59d7510'
INFO 2026-05-11 09:24:52,141 views 16786 WEBHOOK[6644c731]: received batch of 1 message(s)
DEBUG 2026-05-11 09:25:00,307 views 16786 Webhook Verification: signature=sha256=963e462ab9ab9c5244bb0aa6591551fc3b8e5e43485b97ec9841b1376e530730 timestamp=1778491499908 batch_id=1f545a20ab754ef781e66614f36ea588
INFO 2026-05-11 09:25:00,307 views 16786 Webhook Verification: signature MATCHED for message: b'1778491499908.1f545a20ab754ef781e66614f36ea588'
INFO 2026-05-11 09:25:00,307 views 16786 WEBHOOK[9198ddec]: received batch of 1 message(s)
DEBUG 2026-05-11 09:25:05,568 views 16786 Webhook Verification: signature=sha256=2f432c1b0e9570ff047b582cbce3e3519ab73c18b63d4911f101e59dde1c5755 timestamp=1778491505003 batch_id=4fe674898f9049029b86ce0594b8aa5f
INFO 2026-05-11 09:25:05,569 views 16786 Webhook Verification: signature MATCHED for message: b'1778491505003.4fe674898f9049029b86ce0594b8aa5f'
INFO 2026-05-11 09:25:05,569 views 16786 WEBHOOK[1208eb8f]: received batch of 1 message(s)
DEBUG 2026-05-11 09:25:15,075 views 16786 Webhook Verification: signature=sha256=0eeddb6f371a51c2237d8b0bdf6bcd81e2f5c2178d3e49ad8a3d4fdb6de61f21 timestamp=1778491514193 batch_id=302abe18b50849b5b3ba07165bddbc59
INFO 2026-05-11 09:25:15,075 views 16786 Webhook Verification: signature MATCHED for message: b'1778491514193.302abe18b50849b5b3ba07165bddbc59'
INFO 2026-05-11 09:25:15,075 views 16786 WEBHOOK[430492cf]: received batch of 1 message(s)
DEBUG 2026-05-11 09:25:40,740 views 16786 Webhook Verification: signature=sha256=37c3fa169b7c1088bbe94b8b1f5c210ed97c5f495550ac3423147b1188892e08 timestamp=1778491540041 batch_id=01f62ded555a4373b7ed4e636bfca8d1
INFO 2026-05-11 09:25:40,741 views 16786 Webhook Verification: signature MATCHED for message: b'1778491540041.01f62ded555a4373b7ed4e636bfca8d1'
INFO 2026-05-11 09:25:40,741 views 16786 WEBHOOK[cada853b]: received batch of 1 message(s)
DEBUG 2026-05-11 09:25:45,009 views 16786 Webhook Verification: signature=sha256=00afcc31e29a9381547aff7152a2fa1211ce8bc4f1b4c4cf243f0f02c1ed4afd timestamp=1778491544164 batch_id=d12d309a1aef4fc98dbfe68f00c5c2cc
INFO 2026-05-11 09:25:45,010 views 16786 Webhook Verification: signature MATCHED for message: b'1778491544164.d12d309a1aef4fc98dbfe68f00c5c2cc'
INFO 2026-05-11 09:25:45,010 views 16786 WEBHOOK[5282d4f6]: received batch of 1 message(s)
DEBUG 2026-05-11 09:26:07,870 views 16786 Webhook Verification: signature=sha256=8dd7e634724cc18fca1665c81a18efb4af267f414121cdee0ed556ba36e296bd timestamp=1778491567305 batch_id=b9936a332a344223b998cc8c571bc885
INFO 2026-05-11 09:26:07,870 views 16786 Webhook Verification: signature MATCHED for message: b'1778491567305.b9936a332a344223b998cc8c571bc885'
INFO 2026-05-11 09:26:07,870 views 16786 WEBHOOK[8add1dd0]: received batch of 1 message(s)
DEBUG 2026-05-11 09:26:08,189 views 16786 Webhook Verification: signature=sha256=edbd0191649cca8c3d96ca6a5081f4d05f6a35b9ab870ad8bee386824d575857 timestamp=1778491567615 batch_id=5d6219a6904d44ae9033d2386796a406
INFO 2026-05-11 09:26:08,189 views 16786 Webhook Verification: signature MATCHED for message: b'1778491567615.5d6219a6904d44ae9033d2386796a406'
INFO 2026-05-11 09:26:08,189 views 16786 WEBHOOK[11ba1d2a]: received batch of 1 message(s)
DEBUG 2026-05-11 09:26:15,013 views 16786 Webhook Verification: signature=sha256=8cdc72cf197bb6e82915e626fbc1c6d27cb93b911a903775f65aa84a2f83b880 timestamp=1778491574210 batch_id=743a64d3d7b14a089b8fc26fdb757279
INFO 2026-05-11 09:26:15,013 views 16786 Webhook Verification: signature MATCHED for message: b'1778491574210.743a64d3d7b14a089b8fc26fdb757279'
INFO 2026-05-11 09:26:15,013 views 16786 WEBHOOK[d777f80c]: received batch of 1 message(s)
DEBUG 2026-05-11 09:26:41,108 views 16786 Webhook Verification: signature=sha256=7eec3a0d8b27463d170f02ff7d35ffb4c1cef21c483b196bd2b1b310dd3a44c3 timestamp=1778491600476 batch_id=dd6c062a770242a39053c38bdc42f867
INFO 2026-05-11 09:26:41,108 views 16786 Webhook Verification: signature MATCHED for message: b'1778491600476.dd6c062a770242a39053c38bdc42f867'
INFO 2026-05-11 09:26:41,108 views 16786 WEBHOOK[908479f9]: received batch of 1 message(s)
DEBUG 2026-05-11 09:27:05,615 views 16786 Webhook Verification: signature=sha256=5dce5235f6708665926906f40d301d0ac92f6929bfd56369077734f80b56f44b timestamp=1778491625207 batch_id=814b0157328d49c080643ab51ad5241a
INFO 2026-05-11 09:27:05,615 views 16786 Webhook Verification: signature MATCHED for message: b'1778491625207.814b0157328d49c080643ab51ad5241a'
INFO 2026-05-11 09:27:05,615 views 16786 WEBHOOK[fb95b493]: received batch of 1 message(s)
DEBUG 2026-05-11 09:27:14,018 views 16786 Webhook Verification: signature=sha256=e9d31ee5c638cec3df44a9fe0993bc70d095914fa240e8476d5a8b7ed079321f timestamp=1778491633329 batch_id=7c0490bc444244ed81b2e7bcef4f66e2
INFO 2026-05-11 09:27:14,018 views 16786 Webhook Verification: signature MATCHED for message: b'1778491633329.7c0490bc444244ed81b2e7bcef4f66e2'
INFO 2026-05-11 09:27:14,018 views 16786 WEBHOOK[93761879]: received batch of 1 message(s)
DEBUG 2026-05-11 09:27:41,316 views 16786 Webhook Verification: signature=sha256=9f471f69648b1cd69fa6e798d72edcc26387b2e143943253fa9023bc31e2565f timestamp=1778491660712 batch_id=8a45aa52fde64f859ab8e5dd30eac9b4
INFO 2026-05-11 09:27:41,316 views 16786 Webhook Verification: signature MATCHED for message: b'1778491660712.8a45aa52fde64f859ab8e5dd30eac9b4'
INFO 2026-05-11 09:27:41,316 views 16786 WEBHOOK[825897f1]: received batch of 1 message(s)
DEBUG 2026-05-11 09:27:41,857 views 16786 Webhook Verification: signature=sha256=4977a04371db70b9ed0d8b6eeb098ac4613d80a40423c67c8fc86a41624eff74 timestamp=1778491661234 batch_id=9532c2407ef7477881499dfdefbc3e27
INFO 2026-05-11 09:27:41,858 views 16786 Webhook Verification: signature MATCHED for message: b'1778491661234.9532c2407ef7477881499dfdefbc3e27'
INFO 2026-05-11 09:27:41,858 views 16786 WEBHOOK[4c758910]: received batch of 1 message(s)
DEBUG 2026-05-11 09:28:05,442 views 16786 Webhook Verification: signature=sha256=cc550e6bd3000b7930318c8b5410012cd65ad63168ad25347cc648f7d16a538f timestamp=1778491685087 batch_id=e1d8f17f2c8341328eb919b6df3ed4d8
INFO 2026-05-11 09:28:05,442 views 16786 Webhook Verification: signature MATCHED for message: b'1778491685087.e1d8f17f2c8341328eb919b6df3ed4d8'
INFO 2026-05-11 09:28:05,443 views 16786 WEBHOOK[37f788d5]: received batch of 1 message(s)
DEBUG 2026-05-11 09:28:13,416 views 16786 Webhook Verification: signature=sha256=54fb01cb1932c72fa872a5c95041141ca0f2ed1c854804e1e8ba5044a9cf0ef3 timestamp=1778491692787 batch_id=86573160c930492fb00e860cf4e05e95
INFO 2026-05-11 09:28:13,416 views 16786 Webhook Verification: signature MATCHED for message: b'1778491692787.86573160c930492fb00e860cf4e05e95'
INFO 2026-05-11 09:28:13,416 views 16786 WEBHOOK[c986d1dc]: received batch of 1 message(s)
DEBUG 2026-05-11 09:28:32,809 views 16786 Webhook Verification: signature=sha256=5d58a30c572adaf3d2ac078838e630003c336b356507adf28693927b1cc0dc04 timestamp=1778491712585 batch_id=25d6aa761bbd4e87a8db1d31be04a90e
INFO 2026-05-11 09:28:32,809 views 16786 Webhook Verification: signature MATCHED for message: b'1778491712585.25d6aa761bbd4e87a8db1d31be04a90e'
INFO 2026-05-11 09:28:32,809 views 16786 WEBHOOK[a566019f]: received batch of 1 message(s)
DEBUG 2026-05-11 09:28:41,074 views 16786 Webhook Verification: signature=sha256=9ebacaa32cfa759b4a75fcdd50f5560ee39f08d83548bdfdf63dfa607e17e2d0 timestamp=1778491720584 batch_id=8645a25187614d5a846de1118423fa45
INFO 2026-05-11 09:28:41,074 views 16786 Webhook Verification: signature MATCHED for message: b'1778491720584.8645a25187614d5a846de1118423fa45'
INFO 2026-05-11 09:28:41,074 views 16786 WEBHOOK[c326a7c1]: received batch of 1 message(s)
DEBUG 2026-05-11 09:28:44,375 views 16786 Webhook Verification: signature=sha256=470a613799f7dd8f32e9ce6ffcf3f30d23ccfceeccb7031f664e9c85a516be37 timestamp=1778491723764 batch_id=e62781bbf6e24fc7b05a61e5ba06456c
INFO 2026-05-11 09:28:44,376 views 16786 Webhook Verification: signature MATCHED for message: b'1778491723764.e62781bbf6e24fc7b05a61e5ba06456c'
INFO 2026-05-11 09:28:44,376 views 16786 WEBHOOK[aae7b596]: received batch of 1 message(s)
DEBUG 2026-05-11 09:28:50,508 views 16786 Webhook Verification: signature=sha256=15af992617aa5fe04c5a73d6459e92eb9c313337bd843357a0d3e5b7823f8426 timestamp=1778491729683 batch_id=68dfa5042a434efd8d2237cf867846d8
INFO 2026-05-11 09:28:50,509 views 16786 Webhook Verification: signature MATCHED for message: b'1778491729683.68dfa5042a434efd8d2237cf867846d8'
INFO 2026-05-11 09:28:50,509 views 16786 WEBHOOK[a85cebb3]: received batch of 1 message(s)
DEBUG 2026-05-11 09:28:51,350 views 16786 Webhook Verification: signature=sha256=bf1730ce1652a41ea9f182bfc65a04cfd1a0b26f2e643281b0e8fe0065107c15 timestamp=1778491730494 batch_id=e2b94747b10d48d4974ec5b8d4229d42
INFO 2026-05-11 09:28:51,350 views 16786 Webhook Verification: signature MATCHED for message: b'1778491730494.e2b94747b10d48d4974ec5b8d4229d42'
INFO 2026-05-11 09:28:51,351 views 16786 WEBHOOK[957e7918]: received batch of 1 message(s)
DEBUG 2026-05-11 09:28:55,166 views 16786 Webhook Verification: signature=sha256=ea88cd604168e67f744f0fd5835aa25544feee633ee2e1ae6f3cb86b8b29b115 timestamp=1778491734182 batch_id=2fa135d341ff469eb4902b3c8258ef0c
INFO 2026-05-11 09:28:55,166 views 16786 Webhook Verification: signature MATCHED for message: b'1778491734182.2fa135d341ff469eb4902b3c8258ef0c'
INFO 2026-05-11 09:28:55,166 views 16786 WEBHOOK[77fcf67e]: received batch of 1 message(s)
DEBUG 2026-05-11 09:28:59,521 views 16786 Webhook Verification: signature=sha256=1b23df32a254de288d1d1a66fad2453ee843578ba171641f46693c6a8e0e11af timestamp=1778491738394 batch_id=8d04448928704dec880d2fd89762fe4e
INFO 2026-05-11 09:28:59,521 views 16786 Webhook Verification: signature MATCHED for message: b'1778491738394.8d04448928704dec880d2fd89762fe4e'
INFO 2026-05-11 09:28:59,521 views 16786 WEBHOOK[42ec0157]: received batch of 1 message(s)
DEBUG 2026-05-11 09:29:05,080 views 16786 Webhook Verification: signature=sha256=f197966c3735d9a96d5f1b035992f7d3ea70d37e03f65c4fd3b9b52fe49fae42 timestamp=1778491744844 batch_id=040cebce06c148c5a3d4f5e72fab312a
INFO 2026-05-11 09:29:05,080 views 16786 Webhook Verification: signature MATCHED for message: b'1778491744844.040cebce06c148c5a3d4f5e72fab312a'
INFO 2026-05-11 09:29:05,081 views 16786 WEBHOOK[a248ac14]: received batch of 1 message(s)
DEBUG 2026-05-11 09:29:08,599 views 16786 Webhook Verification: signature=sha256=5bcdff498999d1395dfd475c3df91359371f269e66cd35557b47397ef4c7c417 timestamp=1778491748245 batch_id=7b91d746840e42408946ed72aaabb1f2
INFO 2026-05-11 09:29:08,600 views 16786 Webhook Verification: signature MATCHED for message: b'1778491748245.7b91d746840e42408946ed72aaabb1f2'
INFO 2026-05-11 09:29:08,600 views 16786 WEBHOOK[30b96908]: received batch of 1 message(s)
DEBUG 2026-05-11 09:29:08,670 views 16786 Webhook Verification: signature=sha256=1ee374ff9023ed946a0dc01ac496c6b7aa9d32ced3279fb7892c769383e6ecd0 timestamp=1778491748314 batch_id=f6b3e96e2dc449fca41227c747f5373e
INFO 2026-05-11 09:29:08,670 views 16786 Webhook Verification: signature MATCHED for message: b'1778491748314.f6b3e96e2dc449fca41227c747f5373e'
INFO 2026-05-11 09:29:08,670 views 16786 WEBHOOK[403fddd2]: received batch of 1 message(s)
DEBUG 2026-05-11 09:29:12,293 views 16786 Webhook Verification: signature=sha256=d385e53b57620183fd28234f7afbd90101b63b3c736060d874d7d6280860a83f timestamp=1778491751816 batch_id=2941e87fbcba4bd69dcbc66666959019
INFO 2026-05-11 09:29:12,293 views 16786 Webhook Verification: signature MATCHED for message: b'1778491751816.2941e87fbcba4bd69dcbc66666959019'
INFO 2026-05-11 09:29:12,294 views 16786 WEBHOOK[7ebab200]: received batch of 1 message(s)
DEBUG 2026-05-11 09:29:27,061 views 16786 Webhook Verification: signature=sha256=a4349980cf61f1972f3085174658a73baabc4b119a4af6d4604221f2c0150910 timestamp=1778491766100 batch_id=6513ab38584f4ec5a2c059be66bcc6ed
INFO 2026-05-11 09:29:27,061 views 16786 Webhook Verification: signature MATCHED for message: b'1778491766100.6513ab38584f4ec5a2c059be66bcc6ed'
INFO 2026-05-11 09:29:27,063 views 16786 WEBHOOK[43f936ac]: received batch of 1 message(s)
DEBUG 2026-05-11 09:29:30,295 views 16786 Webhook Verification: signature=sha256=5c6ae0e01e4f884ecc34c6e29bf7cd92fcbcaa4f3bc51608e1664f8cd9e5cdeb timestamp=1778491770216 batch_id=9815707249704caeb1c9ba5c702a19e0
INFO 2026-05-11 09:29:30,295 views 16786 Webhook Verification: signature MATCHED for message: b'1778491770216.9815707249704caeb1c9ba5c702a19e0'
INFO 2026-05-11 09:29:30,295 views 16786 WEBHOOK[a49daff3]: received batch of 1 message(s)
DEBUG 2026-05-11 09:29:30,428 views 16786 Webhook Verification: signature=sha256=f03209fcf00fb2bb71c3b4ff5f7e347b2fc24ce95db56b7118ae316c3e51af5f timestamp=1778491770346 batch_id=2e3b66fc8c594448bd0b4830b2772c86
INFO 2026-05-11 09:29:30,428 views 16786 Webhook Verification: signature MATCHED for message: b'1778491770346.2e3b66fc8c594448bd0b4830b2772c86'
INFO 2026-05-11 09:29:30,429 views 16786 WEBHOOK[968480e8]: received batch of 1 message(s)
DEBUG 2026-05-11 09:29:33,200 views 16786 Webhook Verification: signature=sha256=1a1352f855790277c22fd8868b1f4f1255f6e0e3d104357516189cade65f2286 timestamp=1778491773026 batch_id=2b23954077864d37839bf0ecbbf6d30c
INFO 2026-05-11 09:29:33,201 views 16786 Webhook Verification: signature MATCHED for message: b'1778491773026.2b23954077864d37839bf0ecbbf6d30c'
INFO 2026-05-11 09:29:33,201 views 16786 WEBHOOK[6b49a1a6]: received batch of 1 message(s)
DEBUG 2026-05-11 09:29:34,437 views 16786 Webhook Verification: signature=sha256=0e9acd5959e1f7e4e4101417c498f6fac21a646041873e2c9910a4181da8b3f5 timestamp=1778491774221 batch_id=1bbb9ef5f4d44b39a5629e90cb028dc5
INFO 2026-05-11 09:29:34,437 views 16786 Webhook Verification: signature MATCHED for message: b'1778491774221.1bbb9ef5f4d44b39a5629e90cb028dc5'
INFO 2026-05-11 09:29:34,437 views 16786 WEBHOOK[9000a804]: received batch of 1 message(s)
DEBUG 2026-05-11 09:29:38,191 views 16786 Webhook Verification: signature=sha256=680626e2979bc14df29bca0a4f9e5e19296f2d964ec673b5b85076b5a542363a timestamp=1778491777849 batch_id=7eda09fd2e1d4812a11d5a8a455232f6
INFO 2026-05-11 09:29:38,191 views 16786 Webhook Verification: signature MATCHED for message: b'1778491777849.7eda09fd2e1d4812a11d5a8a455232f6'
INFO 2026-05-11 09:29:38,191 views 16786 WEBHOOK[654fe562]: received batch of 1 message(s)
DEBUG 2026-05-11 09:29:42,278 views 16786 Webhook Verification: signature=sha256=a2520aabefd9833e35c6a2a8054dd8c8fce13b514b3c4038b4436cdbd95f3fed timestamp=1778491781800 batch_id=e49cdbbd161d49db96a4a0a77b41102f
INFO 2026-05-11 09:29:42,279 views 16786 Webhook Verification: signature MATCHED for message: b'1778491781800.e49cdbbd161d49db96a4a0a77b41102f'
INFO 2026-05-11 09:29:42,279 views 16786 WEBHOOK[362490ca]: received batch of 1 message(s)
DEBUG 2026-05-11 09:29:47,870 views 16786 Webhook Verification: signature=sha256=4a3f944ffb8649faca5aa8a1012e98b75f1b77aebc823c64f6817a3560e9c874 timestamp=1778491787204 batch_id=56af09c9980c4d9186912e733ad0bc7c
INFO 2026-05-11 09:29:47,870 views 16786 Webhook Verification: signature MATCHED for message: b'1778491787204.56af09c9980c4d9186912e733ad0bc7c'
INFO 2026-05-11 09:29:47,871 views 16786 WEBHOOK[22df2d55]: received batch of 1 message(s)
DEBUG 2026-05-11 09:29:50,481 views 16786 Webhook Verification: signature=sha256=d1fa2ef75062b15a6c38b818b217500befb912a3ffe587149d52ba589bde11c1 timestamp=1778491789728 batch_id=14fb849f6d184bdda31fc09097f492aa
INFO 2026-05-11 09:29:50,481 views 16786 Webhook Verification: signature MATCHED for message: b'1778491789728.14fb849f6d184bdda31fc09097f492aa'
INFO 2026-05-11 09:29:50,481 views 16786 WEBHOOK[34ce99d6]: received batch of 1 message(s)
DEBUG 2026-05-11 09:29:51,535 views 16786 Webhook Verification: signature=sha256=3f3a8bf143711de66cf6cb7966c3d0bf0f63a50965aab7e6c9a60b52f039dd56 timestamp=1778491790748 batch_id=4f30858017f647538dd6ff8ccd8d1d07
INFO 2026-05-11 09:29:51,536 views 16786 Webhook Verification: signature MATCHED for message: b'1778491790748.4f30858017f647538dd6ff8ccd8d1d07'
INFO 2026-05-11 09:29:51,536 views 16786 WEBHOOK[b635b8be]: received batch of 1 message(s)
DEBUG 2026-05-11 09:29:53,084 views 16786 Webhook Verification: signature=sha256=2f82e52591e3ed0b6b285bd24f1187a86b2a372e94b9de20ec01cf88a9d8f925 timestamp=1778491792246 batch_id=3d1f0efb623a4d3dafabcac6dc93ea64
INFO 2026-05-11 09:29:53,084 views 16786 Webhook Verification: signature MATCHED for message: b'1778491792246.3d1f0efb623a4d3dafabcac6dc93ea64'
INFO 2026-05-11 09:29:53,084 views 16786 WEBHOOK[5fc10409]: received batch of 1 message(s)
DEBUG 2026-05-11 09:29:53,116 views 16786 Webhook Verification: signature=sha256=08066ef8fd03483ed7cf1c5e950abd5b714b5b7c120d8805777b3bc24ee16cb9 timestamp=1778491792277 batch_id=58d1ed5454f6483bab1e9a383f7b1835
INFO 2026-05-11 09:29:53,116 views 16786 Webhook Verification: signature MATCHED for message: b'1778491792277.58d1ed5454f6483bab1e9a383f7b1835'
INFO 2026-05-11 09:29:53,116 views 16786 WEBHOOK[058cff02]: received batch of 1 message(s)
DEBUG 2026-05-11 09:29:54,158 views 16786 Webhook Verification: signature=sha256=f90a6ed092eed9e0c31c893361e86d3fb4ff50195272f4930de40bfa5815b46d timestamp=1778491793284 batch_id=eab6dba55196453b811ec60f60203e9f
INFO 2026-05-11 09:29:54,158 views 16786 Webhook Verification: signature MATCHED for message: b'1778491793284.eab6dba55196453b811ec60f60203e9f'
INFO 2026-05-11 09:29:54,158 views 16786 WEBHOOK[1ee94c37]: received batch of 1 message(s)
DEBUG 2026-05-11 09:29:54,781 views 16786 Webhook Verification: signature=sha256=c524075643340a346d9a5a6573c393661a697cb3119ed77a5ec45f6894562a87 timestamp=1778491793886 batch_id=8dc126ad52b14243bba424849c0fa81b
INFO 2026-05-11 09:29:54,781 views 16786 Webhook Verification: signature MATCHED for message: b'1778491793886.8dc126ad52b14243bba424849c0fa81b'
INFO 2026-05-11 09:29:54,781 views 16786 WEBHOOK[9f7317b9]: received batch of 1 message(s)
DEBUG 2026-05-11 09:29:57,266 views 16786 Webhook Verification: signature=sha256=18cb4ab2bfa0c2135dd7cc886830481b06f9a84a8e5b1f456c703a1078b7282d timestamp=1778491796275 batch_id=975ff8921b0347db80973cf6d2d9e5f4
INFO 2026-05-11 09:29:57,266 views 16786 Webhook Verification: signature MATCHED for message: b'1778491796275.975ff8921b0347db80973cf6d2d9e5f4'
INFO 2026-05-11 09:29:57,266 views 16786 WEBHOOK[e69e6365]: received batch of 1 message(s)
DEBUG 2026-05-11 09:29:57,995 views 16786 Webhook Verification: signature=sha256=f0488ab58987cf9f81ba0a2714b1fef78d3ab62dfa0b8e60437dc2fc6ffa86a7 timestamp=1778491796993 batch_id=0eb85244a4d24a83b7fff91f23d45b9b
INFO 2026-05-11 09:29:57,995 views 16786 Webhook Verification: signature MATCHED for message: b'1778491796993.0eb85244a4d24a83b7fff91f23d45b9b'
INFO 2026-05-11 09:29:57,995 views 16786 WEBHOOK[c1c573b2]: received batch of 1 message(s)
DEBUG 2026-05-11 09:30:00,641 views 16786 Webhook Verification: signature=sha256=7c1a70136ce90f36b4fb92ada5ef0b82cb151e9c0ad773dae197864067e986c7 timestamp=1778491799548 batch_id=b3aa0c403b0543aa92bae69f66780778
INFO 2026-05-11 09:30:00,641 views 16786 Webhook Verification: signature MATCHED for message: b'1778491799548.b3aa0c403b0543aa92bae69f66780778'
INFO 2026-05-11 09:30:00,641 views 16786 WEBHOOK[4b53edc3]: received batch of 1 message(s)
DEBUG 2026-05-11 09:30:00,998 views 16786 Webhook Verification: signature=sha256=852debb081d4e33c22cbdd68fc0c2a1b81352aaac8dd693175d49743a8e252fd timestamp=1778491799895 batch_id=e099247ecb934680a26ce7c0a33c95ea
INFO 2026-05-11 09:30:00,998 views 16786 Webhook Verification: signature MATCHED for message: b'1778491799895.e099247ecb934680a26ce7c0a33c95ea'
INFO 2026-05-11 09:30:00,998 views 16786 WEBHOOK[2a06b9a0]: received batch of 1 message(s)
DEBUG 2026-05-11 09:30:02,056 views 16786 Webhook Verification: signature=sha256=547ba73cf28e4580493dea0193d773e8d5084ca3d82be245aeb56b8d5df6da0b timestamp=1778491802000 batch_id=f65c126aedde4a9f83e64cc7500d3284
INFO 2026-05-11 09:30:02,056 views 16786 Webhook Verification: signature MATCHED for message: b'1778491802000.f65c126aedde4a9f83e64cc7500d3284'
INFO 2026-05-11 09:30:02,056 views 16786 WEBHOOK[64e85bbe]: received batch of 1 message(s)
DEBUG 2026-05-11 09:30:02,075 views 16786 Webhook Verification: signature=sha256=317b31cef2bee75db251b2dc98550a766937a0533950f5ec4726f0cd3037521e timestamp=1778491802021 batch_id=dbbe7cc7ac824a24967ff9c05b0b5317
INFO 2026-05-11 09:30:02,076 views 16786 Webhook Verification: signature MATCHED for message: b'1778491802021.dbbe7cc7ac824a24967ff9c05b0b5317'
INFO 2026-05-11 09:30:02,076 views 16786 WEBHOOK[625aa41e]: received batch of 1 message(s)
DEBUG 2026-05-11 09:30:03,693 views 16786 Webhook Verification: signature=sha256=9a89dadb84ea3a6c01a6f5a51541f40d8eee4c8a7e6cc50be76936d9e42c4dc8 timestamp=1778491803580 batch_id=d94edff38a2945b7961fb2f38a1a15a7
INFO 2026-05-11 09:30:03,693 views 16786 Webhook Verification: signature MATCHED for message: b'1778491803580.d94edff38a2945b7961fb2f38a1a15a7'
INFO 2026-05-11 09:30:03,694 views 16786 WEBHOOK[8b79eb59]: received batch of 1 message(s)
DEBUG 2026-05-11 09:30:03,799 views 16786 Webhook Verification: signature=sha256=8bef836b7ae36854d124b24470d431ea0f423dda86caa404ca0f028c51c327a2 timestamp=1778491803684 batch_id=c23fc1e67bcb476eb4259fca62251939
INFO 2026-05-11 09:30:03,799 views 16786 Webhook Verification: signature MATCHED for message: b'1778491803684.c23fc1e67bcb476eb4259fca62251939'
INFO 2026-05-11 09:30:03,799 views 16786 WEBHOOK[44fb42b1]: received batch of 1 message(s)
DEBUG 2026-05-11 09:30:04,668 views 16786 Webhook Verification: signature=sha256=8a2da287be32c4e1d008594faae8cbaf945659c53c930f62bc29dbc0d3675ca7 timestamp=1778491804526 batch_id=eea9c2b697c84fe68863dbb81571cb33
INFO 2026-05-11 09:30:04,669 views 16786 Webhook Verification: signature MATCHED for message: b'1778491804526.eea9c2b697c84fe68863dbb81571cb33'
INFO 2026-05-11 09:30:04,669 views 16786 WEBHOOK[2d6e99e3]: received batch of 1 message(s)
DEBUG 2026-05-11 09:30:05,188 views 16786 Webhook Verification: signature=sha256=85bf1fd2d92393c7d5a7edee10a8107811e6410327edd07fd9114eececfcc563 timestamp=1778491805029 batch_id=58aaa4775d6947a4938cedcd5eb30184
INFO 2026-05-11 09:30:05,188 views 16786 Webhook Verification: signature MATCHED for message: b'1778491805029.58aaa4775d6947a4938cedcd5eb30184'
INFO 2026-05-11 09:30:05,189 views 16786 WEBHOOK[c4b44f8e]: received batch of 1 message(s)
DEBUG 2026-05-11 09:30:05,709 views 16786 Webhook Verification: signature=sha256=dccfd3d670bcf5b717dfa542c599bc74b73b9804e6654779c560ea2d9991e9e3 timestamp=1778491805532 batch_id=9f9c9002201d44e08a952125fc3188c6
INFO 2026-05-11 09:30:05,709 views 16786 Webhook Verification: signature MATCHED for message: b'1778491805532.9f9c9002201d44e08a952125fc3188c6'
INFO 2026-05-11 09:30:05,710 views 16786 WEBHOOK[e7a0902b]: received batch of 1 message(s)
DEBUG 2026-05-11 09:30:06,752 views 16786 Webhook Verification: signature=sha256=bae86a4e907af5dcf6e288b92ac978c187f4d53c084ce82108b476590796c5dd timestamp=1778491806539 batch_id=4beb96f8f1bb43389726c532ac268a03
INFO 2026-05-11 09:30:06,752 views 16786 Webhook Verification: signature MATCHED for message: b'1778491806539.4beb96f8f1bb43389726c532ac268a03'
INFO 2026-05-11 09:30:06,753 views 16786 WEBHOOK[841603ca]: received batch of 1 message(s)
DEBUG 2026-05-11 09:30:07,450 views 16786 Webhook Verification: signature=sha256=1b87fc0468366f417495532f69c030c14bd5c3c969c8786cd525cc4cf0ade0ef timestamp=1778491807215 batch_id=7a60bdf854a34913b31097277809c6bd
INFO 2026-05-11 09:30:07,450 views 16786 Webhook Verification: signature MATCHED for message: b'1778491807215.7a60bdf854a34913b31097277809c6bd'
INFO 2026-05-11 09:30:07,450 views 16786 WEBHOOK[c601d4df]: received batch of 1 message(s)
DEBUG 2026-05-11 09:30:08,434 views 16786 Webhook Verification: signature=sha256=dac6051e0d84c15efca118a50a258c3be12bb5e4e11cebedb0b2f3c1d8d536d7 timestamp=1778491808166 batch_id=ca99595b211447e5b748d661a2043ce0
INFO 2026-05-11 09:30:08,434 views 16786 Webhook Verification: signature MATCHED for message: b'1778491808166.ca99595b211447e5b748d661a2043ce0'
INFO 2026-05-11 09:30:08,434 views 16786 WEBHOOK[7f44b2cd]: received batch of 1 message(s)
DEBUG 2026-05-11 09:30:08,919 views 16786 Webhook Verification: signature=sha256=0119aa6e8c08f7312b3bc5b39ab73a247da663baaaf48fce3a65579509dcb1aa timestamp=1778491808631 batch_id=0e5ccff72cad491c973b7d5aa2cffc5c
INFO 2026-05-11 09:30:08,919 views 16786 Webhook Verification: signature MATCHED for message: b'1778491808631.0e5ccff72cad491c973b7d5aa2cffc5c'
INFO 2026-05-11 09:30:08,919 views 16786 WEBHOOK[2e8bee24]: received batch of 1 message(s)
DEBUG 2026-05-11 09:30:09,840 views 16786 Webhook Verification: signature=sha256=55c89ed81832e7aa2ea7370fe60c1fcf4e6f471b97a967fe7fce37ee80c4c8fa timestamp=1778491809523 batch_id=8bfd419be8724d8f97d659fb0c2cb44a
INFO 2026-05-11 09:30:09,840 views 16786 Webhook Verification: signature MATCHED for message: b'1778491809523.8bfd419be8724d8f97d659fb0c2cb44a'
INFO 2026-05-11 09:30:09,841 views 16786 WEBHOOK[3512b727]: received batch of 1 message(s)
DEBUG 2026-05-11 09:30:12,052 views 16786 Webhook Verification: signature=sha256=25aa70d8f40c7af5e318f18628861cda22689292590cc09ba99cbbfc85ce6d94 timestamp=1778491811664 batch_id=b0a7c354a5a04e5ea6714889537bba3a
INFO 2026-05-11 09:30:12,052 views 16786 Webhook Verification: signature MATCHED for message: b'1778491811664.b0a7c354a5a04e5ea6714889537bba3a'
INFO 2026-05-11 09:30:12,052 views 16786 WEBHOOK[3a20f8fb]: received batch of 1 message(s)
DEBUG 2026-05-11 09:30:13,500 views 16786 Webhook Verification: signature=sha256=890ab8cf2873da920b7a6495dc6efac8ad901c753b2bc4a20395e292597aa34a timestamp=1778491813062 batch_id=70a1955fb8344170bb1d6d3590a5a873
INFO 2026-05-11 09:30:13,501 views 16786 Webhook Verification: signature MATCHED for message: b'1778491813062.70a1955fb8344170bb1d6d3590a5a873'
INFO 2026-05-11 09:30:13,501 views 16786 WEBHOOK[df4c6803]: received batch of 1 message(s)
DEBUG 2026-05-11 09:30:19,802 views 16786 Webhook Verification: signature=sha256=5569a8766923e9c5581bb902df2213495c42f718e60de8e7ccdb252dd8a39d5e timestamp=1778491819154 batch_id=8e4400cf19094279aa63d3af36c2aeaf
INFO 2026-05-11 09:30:19,802 views 16786 Webhook Verification: signature MATCHED for message: b'1778491819154.8e4400cf19094279aa63d3af36c2aeaf'
INFO 2026-05-11 09:30:19,803 views 16786 WEBHOOK[7366ed12]: received batch of 1 message(s)
DEBUG 2026-05-11 09:30:23,820 views 16786 Webhook Verification: signature=sha256=e91e054c445075acf24f4a6c04ca78543b4c4442460f4727233da1b962d2cfbd timestamp=1778491823039 batch_id=a54f9fe83a8d40bcbea3e6a535bcc0c0
INFO 2026-05-11 09:30:23,821 views 16786 Webhook Verification: signature MATCHED for message: b'1778491823039.a54f9fe83a8d40bcbea3e6a535bcc0c0'
INFO 2026-05-11 09:30:23,821 views 16786 WEBHOOK[29ba6d49]: received batch of 1 message(s)
DEBUG 2026-05-11 09:30:26,601 views 16786 Webhook Verification: signature=sha256=28d2bf5468065d7186149ab2df8385e81aff26bed2c55060fdda43a03d890086 timestamp=1778491825728 batch_id=cc9d17e3644f432f9d5fc0e90f11d6b0
INFO 2026-05-11 09:30:26,601 views 16786 Webhook Verification: signature MATCHED for message: b'1778491825728.cc9d17e3644f432f9d5fc0e90f11d6b0'
INFO 2026-05-11 09:30:26,601 views 16786 WEBHOOK[4e34de52]: received batch of 1 message(s)
DEBUG 2026-05-11 09:30:29,236 views 16786 Webhook Verification: signature=sha256=0530db7143b3ff743c6fe40d519696280bbf3a5fd1035e0050e1621f475dfd8d timestamp=1778491828273 batch_id=3a2aafa68aaf48319e21e29756fd376c
INFO 2026-05-11 09:30:29,236 views 16786 Webhook Verification: signature MATCHED for message: b'1778491828273.3a2aafa68aaf48319e21e29756fd376c'
INFO 2026-05-11 09:30:29,237 views 16786 WEBHOOK[d9983dbb]: received batch of 1 message(s)
DEBUG 2026-05-11 09:30:35,500 views 16786 Webhook Verification: signature=sha256=d7b2b703e65068b42a5930adc7b761dd916344b8b0ae5ed60633d62538fc9b35 timestamp=1778491835371 batch_id=4095702baaf94773b0731704fb0b1867
INFO 2026-05-11 09:30:35,501 views 16786 Webhook Verification: signature MATCHED for message: b'1778491835371.4095702baaf94773b0731704fb0b1867'
INFO 2026-05-11 09:30:35,501 views 16786 WEBHOOK[01c960ad]: received batch of 1 message(s)
DEBUG 2026-05-11 09:30:37,586 views 16786 Webhook Verification: signature=sha256=2180fbe6330dd897a71c5abf67d7d97c991cf2f5a9d6245682f0e359df78766c timestamp=1778491837387 batch_id=bda83de205f7421687c3f4c57f009f14
INFO 2026-05-11 09:30:37,586 views 16786 Webhook Verification: signature MATCHED for message: b'1778491837387.bda83de205f7421687c3f4c57f009f14'
INFO 2026-05-11 09:30:37,587 views 16786 WEBHOOK[40fa1b7a]: received batch of 1 message(s)
DEBUG 2026-05-11 09:30:39,735 views 16786 Webhook Verification: signature=sha256=b66d8ccefa16d18355a8383c849a8502f2dbba5031af5b4b0b6683ed04d6064f timestamp=1778491839462 batch_id=5dfdbec765914cc4a7e515bfcb17f002
INFO 2026-05-11 09:30:39,736 views 16786 Webhook Verification: signature MATCHED for message: b'1778491839462.5dfdbec765914cc4a7e515bfcb17f002'
INFO 2026-05-11 09:30:39,736 views 16786 WEBHOOK[9fd45261]: received batch of 1 message(s)
DEBUG 2026-05-11 09:30:41,784 views 16786 Webhook Verification: signature=sha256=303f897ff1b81ffeb69e541a03cbf857f0d3141dacfc5cf8d24039175ceed676 timestamp=1778491841445 batch_id=ca6af5c54385492886badf7fa69a54ea
INFO 2026-05-11 09:30:41,784 views 16786 Webhook Verification: signature MATCHED for message: b'1778491841445.ca6af5c54385492886badf7fa69a54ea'
INFO 2026-05-11 09:30:41,784 views 16786 WEBHOOK[a76d07a4]: received batch of 1 message(s)
DEBUG 2026-05-11 09:30:43,331 views 16786 Webhook Verification: signature=sha256=f90e8435200588f4a84d92088f612a75ccbeb7309980eb6a6f42e9dbe35f61b4 timestamp=1778491842940 batch_id=562915e658234420af1749d04f807bfd
INFO 2026-05-11 09:30:43,331 views 16786 Webhook Verification: signature MATCHED for message: b'1778491842940.562915e658234420af1749d04f807bfd'
INFO 2026-05-11 09:30:43,332 views 16786 WEBHOOK[9efc2ba6]: received batch of 1 message(s)
DEBUG 2026-05-11 09:30:45,013 views 16786 Webhook Verification: signature=sha256=c9d918c573a04281c4a348f755a810339a6b5bf84328e0da5498e8d065e74ed0 timestamp=1778491844563 batch_id=7fe89fc502e746309a4c33ffca8f2311
INFO 2026-05-11 09:30:45,014 views 16786 Webhook Verification: signature MATCHED for message: b'1778491844563.7fe89fc502e746309a4c33ffca8f2311'
INFO 2026-05-11 09:30:45,014 views 16786 WEBHOOK[41bb90f9]: received batch of 1 message(s)
DEBUG 2026-05-11 09:30:46,520 views 16786 Webhook Verification: signature=sha256=edcc3a0f86940818992b8ccc7f4f7d0945b9a2154e7b28f3472682ad1e0b005f timestamp=1778491846023 batch_id=161c6291b6de47fdadce70a52fe4ecdc
INFO 2026-05-11 09:30:46,520 views 16786 Webhook Verification: signature MATCHED for message: b'1778491846023.161c6291b6de47fdadce70a52fe4ecdc'
INFO 2026-05-11 09:30:46,520 views 16786 WEBHOOK[61b0121a]: received batch of 1 message(s)
DEBUG 2026-05-11 09:30:49,154 views 16786 Webhook Verification: signature=sha256=4082836cfd2f2d27dfdd540a7f800b245be48801beaea34b96b2e8d66bae5032 timestamp=1778491848569 batch_id=81bf3ddb89984d78b87f3639243b6324
INFO 2026-05-11 09:30:49,155 views 16786 Webhook Verification: signature MATCHED for message: b'1778491848569.81bf3ddb89984d78b87f3639243b6324'
INFO 2026-05-11 09:30:49,155 views 16786 WEBHOOK[0da0f038]: received batch of 1 message(s)
DEBUG 2026-05-11 09:30:59,145 views 16786 Webhook Verification: signature=sha256=340ba744294c4df252073fc354dde2900795bde5ff5b0ff6d4288e48984e7acd timestamp=1778491858228 batch_id=6fa684b6edb8435ba9259eefb528be55
INFO 2026-05-11 09:30:59,145 views 16786 Webhook Verification: signature MATCHED for message: b'1778491858228.6fa684b6edb8435ba9259eefb528be55'
INFO 2026-05-11 09:30:59,145 views 16786 WEBHOOK[ccc44623]: received batch of 1 message(s)
DEBUG 2026-05-11 09:31:02,169 views 16786 Webhook Verification: signature=sha256=5ec42b923cc0b8a8bc3a0a4af45a0308742cb2e1eb53ce34c761a561439c8670 timestamp=1778491861150 batch_id=0a29ee197843439ab5c7787394a84425
INFO 2026-05-11 09:31:02,170 views 16786 Webhook Verification: signature MATCHED for message: b'1778491861150.0a29ee197843439ab5c7787394a84425'
INFO 2026-05-11 09:31:02,170 views 16786 WEBHOOK[a5707bb2]: received batch of 1 message(s)
DEBUG 2026-05-11 09:31:04,355 views 16786 Webhook Verification: signature=sha256=f2b9398ab0ae11a3fafdcbeb5525a1612e9af3a9d1063407535a674bc47bc146 timestamp=1778491864301 batch_id=dc2bb17772e04fe489764c01ea0b91e4
INFO 2026-05-11 09:31:04,355 views 16786 Webhook Verification: signature MATCHED for message: b'1778491864301.dc2bb17772e04fe489764c01ea0b91e4'
INFO 2026-05-11 09:31:04,356 views 16786 WEBHOOK[365a7bf2]: received batch of 1 message(s)
DEBUG 2026-05-11 09:31:07,772 views 16786 Webhook Verification: signature=sha256=25c80a21ca39a7042208b17c180975dee9deeaffb8909ecd10767327759e169b timestamp=1778491867605 batch_id=a91eb94899c44649bc9112b3b67df7f6
INFO 2026-05-11 09:31:07,773 views 16786 Webhook Verification: signature MATCHED for message: b'1778491867605.a91eb94899c44649bc9112b3b67df7f6'
INFO 2026-05-11 09:31:07,773 views 16786 WEBHOOK[8d24ffe7]: received batch of 1 message(s)
DEBUG 2026-05-11 09:31:24,722 views 16786 Webhook Verification: signature=sha256=fbd5e8157d32e5eb5b3dac6d9b75b1744f39ee353d16f671170cd9bee62ee43e timestamp=1778491883988 batch_id=164442b9ce8b4487b64630c3b49d9ce1
INFO 2026-05-11 09:31:24,723 views 16786 Webhook Verification: signature MATCHED for message: b'1778491883988.164442b9ce8b4487b64630c3b49d9ce1'
INFO 2026-05-11 09:31:24,723 views 16786 WEBHOOK[646495fc]: received batch of 1 message(s)
DEBUG 2026-05-11 09:31:25,450 views 16786 Webhook Verification: signature=sha256=ec2001c2c1cb64014968adffd98391df1d809d781e6935b3bbb93147b406a055 timestamp=1778491884694 batch_id=5d8518aee4094864a4c34177b1df99c4
INFO 2026-05-11 09:31:25,450 views 16786 Webhook Verification: signature MATCHED for message: b'1778491884694.5d8518aee4094864a4c34177b1df99c4'
INFO 2026-05-11 09:31:25,450 views 16786 WEBHOOK[7fa01dfc]: received batch of 1 message(s)
DEBUG 2026-05-11 09:31:41,747 views 16786 Webhook Verification: signature=sha256=8719a5c0a83d20b58e20dc3988171cc7e7dfc4c9f9a2d85ff7b2a04573ed6b5b timestamp=1778491901490 batch_id=163d2641390841cebdc9224b32e4e3df
INFO 2026-05-11 09:31:41,748 views 16786 Webhook Verification: signature MATCHED for message: b'1778491901490.163d2641390841cebdc9224b32e4e3df'
INFO 2026-05-11 09:31:41,748 views 16786 WEBHOOK[87c1757f]: received batch of 1 message(s)
DEBUG 2026-05-11 09:31:51,665 views 16786 Webhook Verification: signature=sha256=f0079764f844735bcd13b0ff9ae4650f5532b0c7bbf55c366e12392b4e3cf5f5 timestamp=1778491911076 batch_id=e3e0f6e19bf74fe1950b4b16619c3a53
INFO 2026-05-11 09:31:51,666 views 16786 Webhook Verification: signature MATCHED for message: b'1778491911076.e3e0f6e19bf74fe1950b4b16619c3a53'
INFO 2026-05-11 09:31:51,666 views 16786 WEBHOOK[03060ad6]: received batch of 1 message(s)
DEBUG 2026-05-11 09:32:06,513 views 16786 Webhook Verification: signature=sha256=1beb3ac90d6a5fe8c9206ee8710631b1a58fdf22c93df8c1d6fda1a158923d00 timestamp=1778491925427 batch_id=50e81b312d394d4a80c4883250e2171f
INFO 2026-05-11 09:32:06,514 views 16786 Webhook Verification: signature MATCHED for message: b'1778491925427.50e81b312d394d4a80c4883250e2171f'
INFO 2026-05-11 09:32:06,514 views 16786 WEBHOOK[7b75f3d5]: received batch of 1 message(s)
DEBUG 2026-05-11 09:32:08,718 views 16786 Webhook Verification: signature=sha256=9b58e8262a2c3616a205ee3fe771ae02e4f7bf2bed4397c37571637fb0110415 timestamp=1778491928558 batch_id=20c462a5edb3429a921869454bb914cb
INFO 2026-05-11 09:32:08,718 views 16786 Webhook Verification: signature MATCHED for message: b'1778491928558.20c462a5edb3429a921869454bb914cb'
INFO 2026-05-11 09:32:08,719 views 16786 WEBHOOK[0d61b717]: received batch of 1 message(s)
DEBUG 2026-05-11 09:32:28,818 views 16786 Webhook Verification: signature=sha256=47bc93fbb4286a7d10a4ff557fc8b7f2bf3bf53a72b3b410242a1fab955c217c timestamp=1778491947980 batch_id=b7427745afc14309b52de7932c4b5418
INFO 2026-05-11 09:32:28,818 views 16786 Webhook Verification: signature MATCHED for message: b'1778491947980.b7427745afc14309b52de7932c4b5418'
INFO 2026-05-11 09:32:28,818 views 16786 WEBHOOK[b7eb17e5]: received batch of 1 message(s)
DEBUG 2026-05-11 09:32:42,384 views 16786 Webhook Verification: signature=sha256=e6ad2211832882d92b3d2a3ebdd1ca353b6c9dc4fe386c121c7370f818cce387 timestamp=1778491962198 batch_id=bdfedfff84504038980710098caa60f1
INFO 2026-05-11 09:32:42,384 views 16786 Webhook Verification: signature MATCHED for message: b'1778491962198.bdfedfff84504038980710098caa60f1'
INFO 2026-05-11 09:32:42,384 views 16786 WEBHOOK[bc35cb2a]: received batch of 1 message(s)
DEBUG 2026-05-11 09:32:44,619 views 16786 Webhook Verification: signature=sha256=4ee2a0fba21edfdadc145497a19941febfce77f84f67938eb7c744c45625bca8 timestamp=1778491964369 batch_id=fd37cbd832954d37b59887074490f68a
INFO 2026-05-11 09:32:44,620 views 16786 Webhook Verification: signature MATCHED for message: b'1778491964369.fd37cbd832954d37b59887074490f68a'
INFO 2026-05-11 09:32:44,620 views 16786 WEBHOOK[eee15e39]: received batch of 1 message(s)
DEBUG 2026-05-11 09:32:44,810 views 16786 Webhook Verification: signature=sha256=d237fb9b21f1462aa6960a9aff43a8cd33d646901f053c1e45cb1482797dcf99 timestamp=1778491964554 batch_id=8075df21c17445a2ac5832160efc8fd5
INFO 2026-05-11 09:32:44,810 views 16786 Webhook Verification: signature MATCHED for message: b'1778491964554.8075df21c17445a2ac5832160efc8fd5'
INFO 2026-05-11 09:32:44,811 views 16786 WEBHOOK[1c5f08ea]: received batch of 1 message(s)
DEBUG 2026-05-11 09:32:47,187 views 16786 Webhook Verification: signature=sha256=ad1123f815be7e2ae9b4dcfb9a289845da706e4c1518e8a0bdc751ccec8da819 timestamp=1778491966864 batch_id=060d1343886c494ea0dbdd49827dbf7a
INFO 2026-05-11 09:32:47,188 views 16786 Webhook Verification: signature MATCHED for message: b'1778491966864.060d1343886c494ea0dbdd49827dbf7a'
INFO 2026-05-11 09:32:47,188 views 16786 WEBHOOK[6197f55c]: received batch of 1 message(s)
DEBUG 2026-05-11 09:32:52,213 views 16786 Webhook Verification: signature=sha256=ac32e3fa182569ec58bf070a62cee7c53f1d3bb7340790ee18e6f576a795a00e timestamp=1778491971694 batch_id=9f1bd4de47eb4afc9f28656c2378dcf7
INFO 2026-05-11 09:32:52,213 views 16786 Webhook Verification: signature MATCHED for message: b'1778491971694.9f1bd4de47eb4afc9f28656c2378dcf7'
INFO 2026-05-11 09:32:52,214 views 16786 WEBHOOK[a40a0670]: received batch of 1 message(s)
DEBUG 2026-05-11 09:32:52,757 views 16786 Webhook Verification: signature=sha256=77d59886f190ba8ff32c01eb98021ab802c8b3e06ca9a0e5023ba263c28113b0 timestamp=1778491972217 batch_id=7e8f30f04b9c4953b2989c66e2ba3666
INFO 2026-05-11 09:32:52,758 views 16786 Webhook Verification: signature MATCHED for message: b'1778491972217.7e8f30f04b9c4953b2989c66e2ba3666'
INFO 2026-05-11 09:32:52,758 views 16786 WEBHOOK[e0e4156e]: received batch of 1 message(s)
DEBUG 2026-05-11 09:33:09,885 views 16786 Webhook Verification: signature=sha256=35bb4c7d26038d1f787d68a789c42fc6073e640ae4a4bf887f511a7fcc6e169a timestamp=1778491989762 batch_id=630550e15bea4b809c55dcab2d3f574f
INFO 2026-05-11 09:33:09,886 views 16786 Webhook Verification: signature MATCHED for message: b'1778491989762.630550e15bea4b809c55dcab2d3f574f'
INFO 2026-05-11 09:33:09,886 views 16786 WEBHOOK[f33cb5d3]: received batch of 1 message(s)
DEBUG 2026-05-11 09:33:30,724 views 16786 Webhook Verification: signature=sha256=020979af3453c08fa09f410111fab033f9c20cf54788efa2c8c3688d503d7398 timestamp=1778492009905 batch_id=886c0da81f424c5bac7aa18388d66d9b
INFO 2026-05-11 09:33:30,724 views 16786 Webhook Verification: signature MATCHED for message: b'1778492009905.886c0da81f424c5bac7aa18388d66d9b'
INFO 2026-05-11 09:33:30,725 views 16786 WEBHOOK[14c8b7c6]: received batch of 1 message(s)
DEBUG 2026-05-11 09:33:42,745 views 16786 Webhook Verification: signature=sha256=8cdfdea6210e9937331544fb510496abb3e83e896f04474bac7b37c8bf33fc88 timestamp=1778492022564 batch_id=a38d34a0f6334dc5a6f9b8bdae0b05db
INFO 2026-05-11 09:33:42,745 views 16786 Webhook Verification: signature MATCHED for message: b'1778492022564.a38d34a0f6334dc5a6f9b8bdae0b05db'
INFO 2026-05-11 09:33:42,745 views 16786 WEBHOOK[4bdedfe8]: received batch of 1 message(s)
DEBUG 2026-05-11 09:33:59,834 views 16786 Webhook Verification: signature=sha256=fadd4c028deb5e5c0044f440f637289faff71933ebe0be24eb43b8fb10332837 timestamp=1778492039084 batch_id=70b320ecc2f44a3e8a27782c2f4a1cbb
INFO 2026-05-11 09:33:59,834 views 16786 Webhook Verification: signature MATCHED for message: b'1778492039084.70b320ecc2f44a3e8a27782c2f4a1cbb'
INFO 2026-05-11 09:33:59,834 views 16786 WEBHOOK[aab73e45]: received batch of 1 message(s)
DEBUG 2026-05-11 09:34:06,276 views 16786 Webhook Verification: signature=sha256=cd293f429109dda1cc9dd3157af8edc65b9fa8598f618944c8ee0229a188e92f timestamp=1778492045310 batch_id=607a5b5d82924bd39fba508005aeca1f
INFO 2026-05-11 09:34:06,276 views 16786 Webhook Verification: signature MATCHED for message: b'1778492045310.607a5b5d82924bd39fba508005aeca1f'
INFO 2026-05-11 09:34:06,276 views 16786 WEBHOOK[48981506]: received batch of 1 message(s)
DEBUG 2026-05-11 09:34:43,725 views 16786 Webhook Verification: signature=sha256=050710d921bf73f9da4222c0fa9d3942767a263b7ce46d8ec379c680a201064e timestamp=1778492083632 batch_id=fc32a52760b1406e946623488c2b2fb0
INFO 2026-05-11 09:34:43,725 views 16786 Webhook Verification: signature MATCHED for message: b'1778492083632.fc32a52760b1406e946623488c2b2fb0'
INFO 2026-05-11 09:34:43,725 views 16786 WEBHOOK[29e34f98]: received batch of 1 message(s)
DEBUG 2026-05-11 09:34:48,759 views 16786 Webhook Verification: signature=sha256=ca9f7aafeefc6087854da0c6f3814e8a7af68ba854355f5ec8ff801634c084aa timestamp=1778492088498 batch_id=8f3cb7d600404d1395be218613efa100
INFO 2026-05-11 09:34:48,759 views 16786 Webhook Verification: signature MATCHED for message: b'1778492088498.8f3cb7d600404d1395be218613efa100'
INFO 2026-05-11 09:34:48,759 views 16786 WEBHOOK[8b074605]: received batch of 1 message(s)
DEBUG 2026-05-11 09:34:53,738 views 16786 Webhook Verification: signature=sha256=23cd0b0011a256d7ac4eeb06ee1f764c49c325d3f3b1c63b61515ca1445466ca timestamp=1778492093313 batch_id=8a0217d0cdd44e54bdf6a27ecc9cbc91
INFO 2026-05-11 09:34:53,738 views 16786 Webhook Verification: signature MATCHED for message: b'1778492093313.8a0217d0cdd44e54bdf6a27ecc9cbc91'
INFO 2026-05-11 09:34:53,738 views 16786 WEBHOOK[4d299c57]: received batch of 1 message(s)
DEBUG 2026-05-11 09:35:05,360 views 16786 Webhook Verification: signature=sha256=8bf799d87ec50d139ea401aace89abea1008d9d757b7e0597d61754aacfd6500 timestamp=1778492104546 batch_id=f915576e7ab14942be069845e77bf497
INFO 2026-05-11 09:35:05,360 views 16786 Webhook Verification: signature MATCHED for message: b'1778492104546.f915576e7ab14942be069845e77bf497'
INFO 2026-05-11 09:35:05,360 views 16786 WEBHOOK[7bb9f20d]: received batch of 1 message(s)
DEBUG 2026-05-11 09:35:07,155 views 16786 Webhook Verification: signature=sha256=b32797d38cd2c09f5e78a34a22179e6115fca7f3518b63fc9c1f07d9b682607a timestamp=1778492106281 batch_id=9afe5a6b6aa04e6286226e81b1744c23
INFO 2026-05-11 09:35:07,155 views 16786 Webhook Verification: signature MATCHED for message: b'1778492106281.9afe5a6b6aa04e6286226e81b1744c23'
INFO 2026-05-11 09:35:07,155 views 16786 WEBHOOK[248d0ebc]: received batch of 1 message(s)
DEBUG 2026-05-11 09:35:14,316 views 16786 Webhook Verification: signature=sha256=b868570113581b954c157c1c928f505c15ead2885549fe7da9836b39182bb2f2 timestamp=1778492114242 batch_id=d00417e5e90a4238955ac4442886d841
INFO 2026-05-11 09:35:14,316 views 16786 Webhook Verification: signature MATCHED for message: b'1778492114242.d00417e5e90a4238955ac4442886d841'
INFO 2026-05-11 09:35:14,316 views 16786 WEBHOOK[a1de2c16]: received batch of 1 message(s)
DEBUG 2026-05-11 09:35:38,466 views 16786 Webhook Verification: signature=sha256=b370cb620dbb4f7ff328417f02475db937c64a7f7e69fefb4c5923bf8e0156f6 timestamp=1778492137588 batch_id=2712ed4ef9b04a4784f004a0b100619e
INFO 2026-05-11 09:35:38,467 views 16786 Webhook Verification: signature MATCHED for message: b'1778492137588.2712ed4ef9b04a4784f004a0b100619e'
INFO 2026-05-11 09:35:38,467 views 16786 WEBHOOK[a2751cac]: received batch of 1 message(s)
DEBUG 2026-05-11 09:35:45,147 views 16786 Webhook Verification: signature=sha256=93b2984b584f223d3c2f9fc91050d6592f8e8b112b8d8a4e2022039675e3f1e3 timestamp=1778492144047 batch_id=e30e9c118f0d402ab524e293601d2c87
INFO 2026-05-11 09:35:45,148 views 16786 Webhook Verification: signature MATCHED for message: b'1778492144047.e30e9c118f0d402ab524e293601d2c87'
INFO 2026-05-11 09:35:45,148 views 16786 WEBHOOK[024fb1b8]: received batch of 1 message(s)
DEBUG 2026-05-11 09:35:44,351 views 16786 Webhook Verification: signature=sha256=5b279a2009dce3b5ce833e14fa2391f78ae9940af9ef3cb5c1c0c0a9a8111fa0 timestamp=1778492144315 batch_id=d5ba555c30424814b9f70a28b846bdf8
INFO 2026-05-11 09:35:44,351 views 16786 Webhook Verification: signature MATCHED for message: b'1778492144315.d5ba555c30424814b9f70a28b846bdf8'
INFO 2026-05-11 09:35:44,351 views 16786 WEBHOOK[9b0435a3]: received batch of 1 message(s)
DEBUG 2026-05-11 09:35:44,559 views 16786 Webhook Verification: signature=sha256=6686a580ff5ed692cd9b24231215d75f561b037d0d789810953f11225560d225 timestamp=1778492144516 batch_id=efd7d7cc7ee6484dbbb5ef0c344dc9ca
INFO 2026-05-11 09:35:44,559 views 16786 Webhook Verification: signature MATCHED for message: b'1778492144516.efd7d7cc7ee6484dbbb5ef0c344dc9ca'
INFO 2026-05-11 09:35:44,559 views 16786 WEBHOOK[577bcf49]: received batch of 1 message(s)
DEBUG 2026-05-11 09:35:46,952 views 16786 Webhook Verification: signature=sha256=34a5be83c48ede1985116c2ba619dbadfa95930bc0bd3a108274746d9c5142ca timestamp=1778492146830 batch_id=72da9856b1304d6999c4da668061d168
INFO 2026-05-11 09:35:46,952 views 16786 Webhook Verification: signature MATCHED for message: b'1778492146830.72da9856b1304d6999c4da668061d168'
INFO 2026-05-11 09:35:46,952 views 16786 WEBHOOK[1e13e326]: received batch of 1 message(s)
DEBUG 2026-05-11 09:35:55,364 views 16786 Webhook Verification: signature=sha256=9b41cdc23857df44e63e4f82935a49d9b825a1bec9e8848b41eee19f8dd4a366 timestamp=1778492154962 batch_id=e5450f1ee9654b4884997a0af2a07c4a
INFO 2026-05-11 09:35:55,364 views 16786 Webhook Verification: signature MATCHED for message: b'1778492154962.e5450f1ee9654b4884997a0af2a07c4a'
INFO 2026-05-11 09:35:55,364 views 16786 WEBHOOK[1f627687]: received batch of 1 message(s)
DEBUG 2026-05-11 09:36:01,765 views 16786 Webhook Verification: signature=sha256=a45f01d7048624ca06dad6290171965ec61d80424f4041f65b909c36dd286782 timestamp=1778492161148 batch_id=8d67dc19dde649afb85a49eda59844c1
INFO 2026-05-11 09:36:01,765 views 16786 Webhook Verification: signature MATCHED for message: b'1778492161148.8d67dc19dde649afb85a49eda59844c1'
INFO 2026-05-11 09:36:01,765 views 16786 WEBHOOK[8ee76849]: received batch of 1 message(s)
DEBUG 2026-05-11 09:36:06,626 views 16786 Webhook Verification: signature=sha256=2bd2d349a456dadbdadf264d1f1da2e595b9a1bc5250d9aef5817db9a87effb4 timestamp=1778492165845 batch_id=486f71e943644ef99f99b7f690c9b4e7
INFO 2026-05-11 09:36:06,626 views 16786 Webhook Verification: signature MATCHED for message: b'1778492165845.486f71e943644ef99f99b7f690c9b4e7'
INFO 2026-05-11 09:36:06,626 views 16786 WEBHOOK[c0d5f67f]: received batch of 1 message(s)
DEBUG 2026-05-11 09:36:15,956 views 16786 Webhook Verification: signature=sha256=f6fd6cba3de2669097aad0ac91fb2a5b6320e7cd27e49f177fe45ae7a66b471f timestamp=1778492174865 batch_id=cf1fdd94abdb4cc0bbb7170d9a949584
INFO 2026-05-11 09:36:15,957 views 16786 Webhook Verification: signature MATCHED for message: b'1778492174865.cf1fdd94abdb4cc0bbb7170d9a949584'
INFO 2026-05-11 09:36:15,957 views 16786 WEBHOOK[5d3891cf]: received batch of 1 message(s)
DEBUG 2026-05-11 09:36:41,597 views 16786 Webhook Verification: signature=sha256=01293279e1e34cfa447eb9ab422e2b40a7126d8c0fdb2b0276fef28ced75c282 timestamp=1778492200681 batch_id=c87234b211ac459f9568e24aa4234d54
INFO 2026-05-11 09:36:41,598 views 16786 Webhook Verification: signature MATCHED for message: b'1778492200681.c87234b211ac459f9568e24aa4234d54'
INFO 2026-05-11 09:36:41,598 views 16786 WEBHOOK[d7ee314b]: received batch of 1 message(s)
DEBUG 2026-05-11 09:36:48,754 views 16786 Webhook Verification: signature=sha256=2fce516bedde1866842baf8ea5173c11b4e5f9b154f54d2859ccba939c02a3a1 timestamp=1778492208651 batch_id=fda789560c6940eaab1f757165fd47f1
INFO 2026-05-11 09:36:48,754 views 16786 Webhook Verification: signature MATCHED for message: b'1778492208651.fda789560c6940eaab1f757165fd47f1'
INFO 2026-05-11 09:36:48,754 views 16786 WEBHOOK[87c7a2e5]: received batch of 1 message(s)
DEBUG 2026-05-11 09:37:06,466 views 16786 Webhook Verification: signature=sha256=096a3924834a3bc4a4c5d8a8bb1d2426b54cfb661f35c4559499a76686fd1013 timestamp=1778492225756 batch_id=5ddbb3f3e25a4ecd87faf7a3a96f4768
INFO 2026-05-11 09:37:06,466 views 16786 Webhook Verification: signature MATCHED for message: b'1778492225756.5ddbb3f3e25a4ecd87faf7a3a96f4768'
INFO 2026-05-11 09:37:06,467 views 16786 WEBHOOK[9e99a949]: received batch of 1 message(s)
DEBUG 2026-05-11 09:37:08,623 views 16786 Webhook Verification: signature=sha256=74fd9c383d311748201c1a0eae964a814d868ba979cfc837e4beaafc67710b99 timestamp=1778492227837 batch_id=9fee76e177c641d382ef33c34038ff73
INFO 2026-05-11 09:37:08,624 views 16786 Webhook Verification: signature MATCHED for message: b'1778492227837.9fee76e177c641d382ef33c34038ff73'
INFO 2026-05-11 09:37:08,624 views 16786 WEBHOOK[a5108bce]: received batch of 1 message(s)
DEBUG 2026-05-11 09:37:14,909 views 16786 Webhook Verification: signature=sha256=3ef40cf37ef3b1b43b08c839789e517a0038c88a745ac258a5be6a410ee83176 timestamp=1778492233901 batch_id=b8064c862fbd468b971da7382332b8b1
INFO 2026-05-11 09:37:14,910 views 16786 Webhook Verification: signature MATCHED for message: b'1778492233901.b8064c862fbd468b971da7382332b8b1'
INFO 2026-05-11 09:37:14,910 views 16786 WEBHOOK[26104ebf]: received batch of 1 message(s)
DEBUG 2026-05-11 09:37:19,057 views 16786 Webhook Verification: signature=sha256=2d616c297ee703036343c92a2b665600a7379974867529293d47327a55c4db39 timestamp=1778492238981 batch_id=8660b9037cbf4773a870d562f4778afb
INFO 2026-05-11 09:37:19,057 views 16786 Webhook Verification: signature MATCHED for message: b'1778492238981.8660b9037cbf4773a870d562f4778afb'
INFO 2026-05-11 09:37:19,057 views 16786 WEBHOOK[17967ba0]: received batch of 1 message(s)
DEBUG 2026-05-11 09:37:45,628 views 16786 Webhook Verification: signature=sha256=c5c17ed7ceca919332ca86fcea19d3e6d79d7502f9e41f376b894dd93aa892d1 timestamp=1778492264664 batch_id=19588f2dfc3a41cc8ddc4e1df499ec26
INFO 2026-05-11 09:37:45,628 views 16786 Webhook Verification: signature MATCHED for message: b'1778492264664.19588f2dfc3a41cc8ddc4e1df499ec26'
INFO 2026-05-11 09:37:45,628 views 16786 WEBHOOK[56f3a35e]: received batch of 1 message(s)
DEBUG 2026-05-11 09:37:53,722 views 16786 Webhook Verification: signature=sha256=ec09a50ec2eb9d435c4237999c5b408949b081dede940670de2828915ba29355 timestamp=1778492273529 batch_id=487679166ecb46c6a0d1cf7fcc695b78
INFO 2026-05-11 09:37:53,722 views 16786 Webhook Verification: signature MATCHED for message: b'1778492273529.487679166ecb46c6a0d1cf7fcc695b78'
INFO 2026-05-11 09:37:53,722 views 16786 WEBHOOK[6cd9a62e]: received batch of 1 message(s)
DEBUG 2026-05-11 09:38:05,636 views 16786 Webhook Verification: signature=sha256=a3b34fcc6d5c578d4a65b67fa39aaf4d626fe67676c953979096b1547200adc6 timestamp=1778492285045 batch_id=c37f72e1f3534ed3b943caa9624be501
INFO 2026-05-11 09:38:05,636 views 16786 Webhook Verification: signature MATCHED for message: b'1778492285045.c37f72e1f3534ed3b943caa9624be501'
INFO 2026-05-11 09:38:05,637 views 16786 WEBHOOK[4d65a32c]: received batch of 1 message(s)
DEBUG 2026-05-11 09:38:14,223 views 16786 Webhook Verification: signature=sha256=e49f946ec806890ca8ab1ba5e090d423b9bc2b7870b4a9fae5e56f6c9186bf85 timestamp=1778492293347 batch_id=111883c3010d4caf9b8109f1adfdfa8e
INFO 2026-05-11 09:38:14,224 views 16786 Webhook Verification: signature MATCHED for message: b'1778492293347.111883c3010d4caf9b8109f1adfdfa8e'
INFO 2026-05-11 09:38:14,224 views 16786 WEBHOOK[efe2bc21]: received batch of 1 message(s)
DEBUG 2026-05-11 09:38:16,531 views 16786 Webhook Verification: signature=sha256=f7af841a1f8596b6050daa5b15339489358e8466515488ac2c656d0299d08261 timestamp=1778492295578 batch_id=b723eee2dcea40d8abbde9627ef910fc
INFO 2026-05-11 09:38:16,531 views 16786 Webhook Verification: signature MATCHED for message: b'1778492295578.b723eee2dcea40d8abbde9627ef910fc'
INFO 2026-05-11 09:38:16,531 views 16786 WEBHOOK[760d93df]: received batch of 1 message(s)
DEBUG 2026-05-11 09:38:21,123 views 16786 Webhook Verification: signature=sha256=7336baf913418ff26c1a9e94d54989ad115dfee10f0a2822fa84903fdfe9a4a7 timestamp=1778492301058 batch_id=faef45998929498d8af67331d8e9a077
INFO 2026-05-11 09:38:21,124 views 16786 Webhook Verification: signature MATCHED for message: b'1778492301058.faef45998929498d8af67331d8e9a077'
INFO 2026-05-11 09:38:21,124 views 16786 WEBHOOK[f6d8d701]: received batch of 1 message(s)
DEBUG 2026-05-11 09:38:34,349 views 16786 Webhook Verification: signature=sha256=6c5c3f22bfffb34b46ac5ec5dbd4bfcc3bfb5d98e816b1dff5bda5c9a1be6fe2 timestamp=1778492313842 batch_id=d528530ed7e04ee6982633fa16eb675c
INFO 2026-05-11 09:38:34,349 views 16786 Webhook Verification: signature MATCHED for message: b'1778492313842.d528530ed7e04ee6982633fa16eb675c'
INFO 2026-05-11 09:38:34,349 views 16786 WEBHOOK[b5536753]: received batch of 1 message(s)
DEBUG 2026-05-11 09:38:38,159 views 16786 Webhook Verification: signature=sha256=21a027fdceb518f0808704f04440aaeaff9740d0866292b280636a42aadbe92e timestamp=1778492317524 batch_id=f5331e7b894c45629435a22ae37b547d
INFO 2026-05-11 09:38:38,160 views 16786 Webhook Verification: signature MATCHED for message: b'1778492317524.f5331e7b894c45629435a22ae37b547d'
INFO 2026-05-11 09:38:38,160 views 16786 WEBHOOK[1c23590b]: received batch of 1 message(s)
DEBUG 2026-05-11 09:39:01,442 views 16786 Webhook Verification: signature=sha256=63ad01a18e9ca4b20070f9c171bd82bd8a95f6249263dd742e3ae1f06ade0582 timestamp=1778492341032 batch_id=5d5a2e8dbeff4fc49c8ca54d1e059e78
INFO 2026-05-11 09:39:01,442 views 16786 Webhook Verification: signature MATCHED for message: b'1778492341032.5d5a2e8dbeff4fc49c8ca54d1e059e78'
INFO 2026-05-11 09:39:01,442 views 16786 WEBHOOK[2cabaff6]: received batch of 1 message(s)
DEBUG 2026-05-11 09:39:05,599 views 16786 Webhook Verification: signature=sha256=7c4b36cce1d7e6d78eaf1f63b6c3d8e83634e56e2ed593ba1fecab1c568ba2b4 timestamp=1778492345036 batch_id=e9388bf9468c4b79a7991179352b942e
INFO 2026-05-11 09:39:05,599 views 16786 Webhook Verification: signature MATCHED for message: b'1778492345036.e9388bf9468c4b79a7991179352b942e'
INFO 2026-05-11 09:39:05,600 views 16786 WEBHOOK[849c07ee]: received batch of 1 message(s)
DEBUG 2026-05-11 09:39:48,619 views 16786 Webhook Verification: signature=sha256=1db09a10b360aa6fba387ce58847f5f00cc7e687d0d47833ab88631471fb6ef0 timestamp=1778492387715 batch_id=c5c55138cd2445b3b4dd3f93da12425c
INFO 2026-05-11 09:39:48,619 views 16786 Webhook Verification: signature MATCHED for message: b'1778492387715.c5c55138cd2445b3b4dd3f93da12425c'
INFO 2026-05-11 09:39:48,619 views 16786 WEBHOOK[045a9570]: received batch of 1 message(s)
DEBUG 2026-05-11 09:40:05,702 views 16786 Webhook Verification: signature=sha256=b45e549ca64e1691bdfdba807a70590fba7e786b2120876643068c9707484bfe timestamp=1778492405225 batch_id=298217653122492aa83fca793d88969e
INFO 2026-05-11 09:40:05,703 views 16786 Webhook Verification: signature MATCHED for message: b'1778492405225.298217653122492aa83fca793d88969e'
INFO 2026-05-11 09:40:05,703 views 16786 WEBHOOK[55ca2a81]: received batch of 1 message(s)
DEBUG 2026-05-11 09:40:07,433 views 16786 Webhook Verification: signature=sha256=bdf55fd953b4a403ee739d5a4a5b6bc5d2fd3b77cd9e62d5533f8f0f2960f2e3 timestamp=1778492406900 batch_id=8f292379d217484996e914b7d913a5e3
INFO 2026-05-11 09:40:07,433 views 16786 Webhook Verification: signature MATCHED for message: b'1778492406900.8f292379d217484996e914b7d913a5e3'
INFO 2026-05-11 09:40:07,433 views 16786 WEBHOOK[e7b10fd5]: received batch of 1 message(s)
DEBUG 2026-05-11 09:40:11,030 views 16786 Webhook Verification: signature=sha256=dfb87b84f3c9e40875325ede6a69914caa58b7655047fa20411e5dd7c50ff21b timestamp=1778492410377 batch_id=db05b77bda3943369ccc314193ff96ba
INFO 2026-05-11 09:40:11,031 views 16786 Webhook Verification: signature MATCHED for message: b'1778492410377.db05b77bda3943369ccc314193ff96ba'
INFO 2026-05-11 09:40:11,031 views 16786 WEBHOOK[bc631201]: received batch of 1 message(s)
DEBUG 2026-05-11 09:40:14,561 views 16786 Webhook Verification: signature=sha256=10756b0d91336bae4dc19020d9ba6568b39be6e17bcf2252f3d16bc34e77f60b timestamp=1778492413779 batch_id=1d420e9a3c2b4e6fb284613d7068c9e9
INFO 2026-05-11 09:40:14,561 views 16786 Webhook Verification: signature MATCHED for message: b'1778492413779.1d420e9a3c2b4e6fb284613d7068c9e9'
INFO 2026-05-11 09:40:14,561 views 16786 WEBHOOK[dc98f66b]: received batch of 1 message(s)
DEBUG 2026-05-11 09:40:23,572 views 16786 Webhook Verification: signature=sha256=18d2896d9dedb169d70539f6d28eda8cbdb5a7dfee8bd4cd8e498a4a18786b7a timestamp=1778492422497 batch_id=85f00f14d050462fa0a6a08384f08b10
INFO 2026-05-11 09:40:23,572 views 16786 Webhook Verification: signature MATCHED for message: b'1778492422497.85f00f14d050462fa0a6a08384f08b10'
INFO 2026-05-11 09:40:23,572 views 16786 WEBHOOK[07673125]: received batch of 1 message(s)
DEBUG 2026-05-11 09:41:05,364 views 16786 Webhook Verification: signature=sha256=20173bc1159870e5cee1815139fb766fdd7709ec32b92ecd6588e1bd58739a55 timestamp=1778492465039 batch_id=658d3b3fca0d474bb5e02d0ea1b3184e
INFO 2026-05-11 09:41:05,364 views 16786 Webhook Verification: signature MATCHED for message: b'1778492465039.658d3b3fca0d474bb5e02d0ea1b3184e'
INFO 2026-05-11 09:41:05,365 views 16786 WEBHOOK[501bb377]: received batch of 1 message(s)
DEBUG 2026-05-11 09:41:12,202 views 16786 Webhook Verification: signature=sha256=948b0551fbee43bf174f908f102ac837d4756e82c4dcbd74677c99ff251b58d3 timestamp=1778492471626 batch_id=22066abcbd6d462198f15a66a1eea4ff
INFO 2026-05-11 09:41:12,203 views 16786 Webhook Verification: signature MATCHED for message: b'1778492471626.22066abcbd6d462198f15a66a1eea4ff'
INFO 2026-05-11 09:41:12,203 views 16786 WEBHOOK[4f3f1427]: received batch of 1 message(s)
/home/dev/SecureHub/backend/config/settings.py changed, reloading.
INFO 2026-05-11 09:41:14,087 autoreload 16786 /home/dev/SecureHub/backend/config/settings.py changed, reloading.
Performing system checks...

System check identified no issues (0 silenced).
May 11, 2026 - 09:13:10
Django version 5.2.12, using settings 'config.settings'
Starting development server at http://0.0.0.0:8000/
Quit the server with CONTROL-C.

WARNING: This is a development server. Do not use it in a production setting. Use a production WSGI or ASGI server instead.
For more information on production servers see: https://docs.djangoproject.com/en/5.2/howto/deployment/
Watching for file changes with StatReloader
INFO 2026-05-11 09:41:14,794 autoreload 52130 Watching for file changes with StatReloader
DEBUG 2026-05-11 09:41:16,437 views 52130 Webhook Verification: signature=sha256=9ad46969d58a7eaf87c16d83c4857743f907705b7bc80726e34bc039c1f0af28 timestamp=1778492475583 batch_id=96cc65f62c674abc8ce6de814fb7c334
INFO 2026-05-11 09:41:16,437 views 52130 Webhook Verification: signature MATCHED for message: b'1778492475583.96cc65f62c674abc8ce6de814fb7c334'
INFO 2026-05-11 09:41:16,438 views 52130 WEBHOOK[3bfaf4b4]: received batch of 1 message(s)
DEBUG 2026-05-11 09:41:27,006 views 52130 Webhook Verification: signature=sha256=8a7439382051ef4a4437411293da6691a8a59561405a2534baa8a7c47901caa8 timestamp=1778492485798 batch_id=07e7829c3dd74b6184401d70b806b7b6
INFO 2026-05-11 09:41:27,006 views 52130 Webhook Verification: signature MATCHED for message: b'1778492485798.07e7829c3dd74b6184401d70b806b7b6'
INFO 2026-05-11 09:41:27,007 views 52130 WEBHOOK[3aecd552]: received batch of 1 message(s)
DEBUG 2026-05-11 09:42:04,898 views 52130 Webhook Verification: signature=sha256=28a58b372fe998c828b83de70aed70d580fe76008fe9fc6e2d92fc55f724bf15 timestamp=1778492524610 batch_id=39e5e559df57470aae8f21701b11ce96
INFO 2026-05-11 09:42:04,898 views 52130 Webhook Verification: signature MATCHED for message: b'1778492524610.39e5e559df57470aae8f21701b11ce96'
INFO 2026-05-11 09:42:04,898 views 52130 WEBHOOK[893545c9]: received batch of 1 message(s)
DEBUG 2026-05-11 09:42:10,945 views 52130 Webhook Verification: signature=sha256=a3d713a1b5f4d8d4c625b6a2d0729528d7fa905b6f50fad2ae3b023ecc2381e5 timestamp=1778492530460 batch_id=a1792d1e0afa4d64a0520e82fbb32a1a
INFO 2026-05-11 09:42:10,945 views 52130 Webhook Verification: signature MATCHED for message: b'1778492530460.a1792d1e0afa4d64a0520e82fbb32a1a'
INFO 2026-05-11 09:42:10,945 views 52130 WEBHOOK[1676b29c]: received batch of 1 message(s)
DEBUG 2026-05-11 09:42:13,643 views 52130 Webhook Verification: signature=sha256=441c487d11c666baa63e25a5fe7b4479c0f11a33b1d5efe5a7bca2389c4f1977 timestamp=1778492533069 batch_id=612d71fde84d4a5d91417d3d46efa77e
INFO 2026-05-11 09:42:13,643 views 52130 Webhook Verification: signature MATCHED for message: b'1778492533069.612d71fde84d4a5d91417d3d46efa77e'
INFO 2026-05-11 09:42:13,643 views 52130 WEBHOOK[15ed9040]: received batch of 1 message(s)
DEBUG 2026-05-11 09:42:15,883 views 52130 Webhook Verification: signature=sha256=f54412debf01ea0abbaaee9e92797dc60fd9362ca1799b6a9d8225434777f8ae timestamp=1778492535236 batch_id=ae57344633e04e78983332e90ba9d637
INFO 2026-05-11 09:42:15,884 views 52130 Webhook Verification: signature MATCHED for message: b'1778492535236.ae57344633e04e78983332e90ba9d637'
INFO 2026-05-11 09:42:15,884 views 52130 WEBHOOK[b196d8eb]: received batch of 1 message(s)
DEBUG 2026-05-11 09:42:40,961 views 52130 Webhook Verification: signature=sha256=8b6a3a7c215bb4c4b07d7bfa6a8ff70cc4858bd677a73d950d562a74bcbf659c timestamp=1778492560513 batch_id=7aa63b28d0e34f7d824dcea0e81ec586
INFO 2026-05-11 09:42:40,961 views 52130 Webhook Verification: signature MATCHED for message: b'1778492560513.7aa63b28d0e34f7d824dcea0e81ec586'
INFO 2026-05-11 09:42:40,962 views 52130 WEBHOOK[33bb61e1]: received batch of 1 message(s)
DEBUG 2026-05-11 09:43:11,751 views 52130 Webhook Verification: signature=sha256=266346e6a013fb8ff8604ac287ae67076926c15f4bd842de24691d3560b11550 timestamp=1778492591316 batch_id=4ac1a10b3cbb477fb0623c23663b958e
INFO 2026-05-11 09:43:11,752 views 52130 Webhook Verification: signature MATCHED for message: b'1778492591316.4ac1a10b3cbb477fb0623c23663b958e'
INFO 2026-05-11 09:43:11,752 views 52130 WEBHOOK[0f513f1c]: received batch of 1 message(s)
DEBUG 2026-05-11 09:43:22,944 views 52130 Webhook Verification: signature=sha256=3c40ec881b2faebbd0d2681efb9f0145af7dbebb6325026409e74bc7b3e2c0ea timestamp=1778492602138 batch_id=2afc598fe31d477dbce16b6967f4f4f5
INFO 2026-05-11 09:43:22,944 views 52130 Webhook Verification: signature MATCHED for message: b'1778492602138.2afc598fe31d477dbce16b6967f4f4f5'
INFO 2026-05-11 09:43:22,944 views 52130 WEBHOOK[56ba8caf]: received batch of 1 message(s)
DEBUG 2026-05-11 09:43:27,362 views 52130 Webhook Verification: signature=sha256=68e7976f6459e60e5169412e34ae65e45530de1c6d85a7a7b3173413ee412d28 timestamp=1778492606411 batch_id=737798c37fa344728609d482a17928d4
INFO 2026-05-11 09:43:27,362 views 52130 Webhook Verification: signature MATCHED for message: b'1778492606411.737798c37fa344728609d482a17928d4'
INFO 2026-05-11 09:43:27,362 views 52130 WEBHOOK[42a4bba3]: received batch of 1 message(s)
DEBUG 2026-05-11 09:43:33,252 views 52130 Webhook Verification: signature=sha256=2f2229c4481e4947a1b163d218bd10f1d471b1338d2b3a6f9a20106915daf3ac timestamp=1778492613175 batch_id=b44896ab11414ce5bef5b14c84163b9c
INFO 2026-05-11 09:43:33,252 views 52130 Webhook Verification: signature MATCHED for message: b'1778492613175.b44896ab11414ce5bef5b14c84163b9c'
INFO 2026-05-11 09:43:33,252 views 52130 WEBHOOK[25f8175b]: received batch of 1 message(s)
DEBUG 2026-05-11 09:43:48,940 views 52130 Webhook Verification: signature=sha256=513988b6c12d2e0ed1de409d00b3780bbf3bb6b17fdc2f9fe9938e00952aa825 timestamp=1778492628333 batch_id=472d987ada5541d797ccf24b90a8fc1e
INFO 2026-05-11 09:43:48,940 views 52130 Webhook Verification: signature MATCHED for message: b'1778492628333.472d987ada5541d797ccf24b90a8fc1e'
INFO 2026-05-11 09:43:48,941 views 52130 WEBHOOK[a8353a47]: received batch of 1 message(s)
DEBUG 2026-05-11 09:44:05,528 views 52130 Webhook Verification: signature=sha256=3b04a9ba173d6559a3b49717fcba3e20bf9d1e6177b035e171a3528847ff83e7 timestamp=1778492645375 batch_id=39f1029d53f44766a7ac449c226c50ae
INFO 2026-05-11 09:44:05,528 views 52130 Webhook Verification: signature MATCHED for message: b'1778492645375.39f1029d53f44766a7ac449c226c50ae'
INFO 2026-05-11 09:44:05,528 views 52130 WEBHOOK[67d5ae02]: received batch of 1 message(s)
DEBUG 2026-05-11 09:45:05,594 views 52130 Webhook Verification: signature=sha256=d48e06d10424467fd63b5ccb56bf5c475fb7269c2605e963b4ae7cdadd498872 timestamp=1778492705555 batch_id=1fd07eedbe914dbf81356085dcd07c57
INFO 2026-05-11 09:45:05,595 views 52130 Webhook Verification: signature MATCHED for message: b'1778492705555.1fd07eedbe914dbf81356085dcd07c57'
INFO 2026-05-11 09:45:05,595 views 52130 WEBHOOK[5af646e5]: received batch of 1 message(s)
DEBUG 2026-05-11 09:45:13,275 views 52130 Webhook Verification: signature=sha256=c7a95e331f0a725b8f43a426c02ce3cf1c8a2a5d09bec43e750700a493d94dbf timestamp=1778492712990 batch_id=98edab26b64c4e40ad775bfbab1e96a8
INFO 2026-05-11 09:45:13,276 views 52130 Webhook Verification: signature MATCHED for message: b'1778492712990.98edab26b64c4e40ad775bfbab1e96a8'
INFO 2026-05-11 09:45:13,276 views 52130 WEBHOOK[4c0a9e4b]: received batch of 1 message(s)
DEBUG 2026-05-11 09:45:55,002 views 52130 Webhook Verification: signature=sha256=97ce7bcd9aa471452437305a6e5161b6561901a1be9adcb20b6e38105b3c7ecb timestamp=1778492754215 batch_id=c948a716b67746d1bebe337249477072
INFO 2026-05-11 09:45:55,002 views 52130 Webhook Verification: signature MATCHED for message: b'1778492754215.c948a716b67746d1bebe337249477072'
INFO 2026-05-11 09:45:55,002 views 52130 WEBHOOK[c976d3bd]: received batch of 1 message(s)
/home/dev/SecureHub/backend/config/urls.py changed, reloading.
INFO 2026-05-11 09:46:01,818 autoreload 52130 /home/dev/SecureHub/backend/config/urls.py changed, reloading.
Performing system checks...

System check identified no issues (0 silenced).
May 11, 2026 - 09:41:15
Django version 5.2.12, using settings 'config.settings'
Starting development server at http://0.0.0.0:8000/
Quit the server with CONTROL-C.

WARNING: This is a development server. Do not use it in a production setting. Use a production WSGI or ASGI server instead.
For more information on production servers see: https://docs.djangoproject.com/en/5.2/howto/deployment/
Watching for file changes with StatReloader
INFO 2026-05-11 09:46:02,205 autoreload 57491 Watching for file changes with StatReloader
DEBUG 2026-05-11 09:46:05,967 views 57491 Webhook Verification: signature=sha256=8e85a2715db4d7f03d3a0e81b08d189e463b54b7e5b5e91f698c4065f004b5d5 timestamp=1778492764836 batch_id=252fe739267d474ab0608d22e4129f31
INFO 2026-05-11 09:46:05,967 views 57491 Webhook Verification: signature MATCHED for message: b'1778492764836.252fe739267d474ab0608d22e4129f31'
INFO 2026-05-11 09:46:05,967 views 57491 WEBHOOK[9c3b095b]: received batch of 1 message(s)
DEBUG 2026-05-11 09:46:07,815 views 57491 Webhook Verification: signature=sha256=320908e5c2045f8c71c5ed42c0b670e7178147bdd5a716dc707ac74c520f8101 timestamp=1778492767743 batch_id=d30bfbe325694b49a803b3baf48673d8
INFO 2026-05-11 09:46:07,815 views 57491 Webhook Verification: signature MATCHED for message: b'1778492767743.d30bfbe325694b49a803b3baf48673d8'
INFO 2026-05-11 09:46:07,815 views 57491 WEBHOOK[56ee58f2]: received batch of 1 message(s)
DEBUG 2026-05-11 09:46:30,640 views 57491 Webhook Verification: signature=sha256=16a301ad2e8813a33dc8ad66fd31dac4d1ab1d88755b2ff57af73131a91fb727 timestamp=1778492789841 batch_id=c88ea1f8c62a4d1fa8ca4f3207dd4d9b
INFO 2026-05-11 09:46:30,640 views 57491 Webhook Verification: signature MATCHED for message: b'1778492789841.c88ea1f8c62a4d1fa8ca4f3207dd4d9b'
INFO 2026-05-11 09:46:30,640 views 57491 WEBHOOK[71f184e0]: received batch of 1 message(s)
DEBUG 2026-05-11 09:46:38,451 views 57491 Webhook Verification: signature=sha256=399edd43a1098f555007c4ff29a0a2c4335002aa0f66f0d72fda504156d1a632 timestamp=1778492797394 batch_id=b0c5418ebc6b4caca799fbedacb17d61
INFO 2026-05-11 09:46:38,451 views 57491 Webhook Verification: signature MATCHED for message: b'1778492797394.b0c5418ebc6b4caca799fbedacb17d61'
INFO 2026-05-11 09:46:38,452 views 57491 WEBHOOK[67734483]: received batch of 1 message(s)
DEBUG 2026-05-11 09:47:05,821 views 57491 Webhook Verification: signature=sha256=05b9035edaca5e0bfa83d9a6c9792360ec9d73b8b778977270499942534b0d09 timestamp=1778492824903 batch_id=5508136d1d054c03a3bd3b58f9c91cb1
INFO 2026-05-11 09:47:05,821 views 57491 Webhook Verification: signature MATCHED for message: b'1778492824903.5508136d1d054c03a3bd3b58f9c91cb1'
INFO 2026-05-11 09:47:05,821 views 57491 WEBHOOK[6a4921c6]: received batch of 1 message(s)
DEBUG 2026-05-11 09:47:29,812 views 57491 Webhook Verification: signature=sha256=2f9013e04857f786443ace5b32ef4429068c0f6d47e320ce849ddbf177d508a9 timestamp=1778492849131 batch_id=e238b374239f4db7b9ea16a8e501fd5d
INFO 2026-05-11 09:47:29,813 views 57491 Webhook Verification: signature MATCHED for message: b'1778492849131.e238b374239f4db7b9ea16a8e501fd5d'
INFO 2026-05-11 09:47:29,813 views 57491 WEBHOOK[fc49a134]: received batch of 1 message(s)
WARNING 2026-05-11 09:47:41,637 log 57491 Not Found: /admin/api
WARNING 2026-05-11 09:47:41,637 basehttp 57491 "GET /admin/api HTTP/1.1" 404 15394
WARNING 2026-05-11 09:47:48,631 log 57491 Not Found: /admin/api/docs
WARNING 2026-05-11 09:47:48,632 basehttp 57491 "GET /admin/api/docs HTTP/1.1" 404 15409
DEBUG 2026-05-11 09:47:54,038 views 57491 Webhook Verification: signature=sha256=7ec3a791675f85ade60c6b840d07d8136b5d6c89f44de1dab9180c9a8466df0b timestamp=1778492873588 batch_id=133acbd0fe9c47ca9a857f84565b1016
INFO 2026-05-11 09:47:54,038 views 57491 Webhook Verification: signature MATCHED for message: b'1778492873588.133acbd0fe9c47ca9a857f84565b1016'
INFO 2026-05-11 09:47:54,038 views 57491 WEBHOOK[8b7903de]: received batch of 1 message(s)
DEBUG 2026-05-11 09:48:05,536 views 57491 Webhook Verification: signature=sha256=aa19b8eb3fbba121776597c84ef5dccb78d779ec163b2a6941d06a715dbdf79e timestamp=1778492884587 batch_id=1476a934e4094c2e9128fc2ee1a8f0b4
INFO 2026-05-11 09:48:05,536 views 57491 Webhook Verification: signature MATCHED for message: b'1778492884587.1476a934e4094c2e9128fc2ee1a8f0b4'
INFO 2026-05-11 09:48:05,536 views 57491 WEBHOOK[9399a14b]: received batch of 1 message(s)
DEBUG 2026-05-11 09:48:09,767 views 57491 Webhook Verification: signature=sha256=8ad3c5a963eefe1af8fe0f4d70d96d80cab8b2caba15d376d0e13ffb7ffe4721 timestamp=1778492888798 batch_id=2ba4752e6c784cc090340bcd68b3f7d6
INFO 2026-05-11 09:48:09,767 views 57491 Webhook Verification: signature MATCHED for message: b'1778492888798.2ba4752e6c784cc090340bcd68b3f7d6'
INFO 2026-05-11 09:48:09,767 views 57491 WEBHOOK[bd3284d1]: received batch of 1 message(s)
DEBUG 2026-05-11 09:48:30,202 views 57491 Webhook Verification: signature=sha256=d423057ecc62009bd17b1449fd9e5788aa1b7c8d9f4e5be3a865ec2bf97cea94 timestamp=1778492909588 batch_id=71387c9271b347c88cd26953dc9f1bbc
INFO 2026-05-11 09:48:30,203 views 57491 Webhook Verification: signature MATCHED for message: b'1778492909588.71387c9271b347c88cd26953dc9f1bbc'
INFO 2026-05-11 09:48:30,203 views 57491 WEBHOOK[c422cfd1]: received batch of 1 message(s)
DEBUG 2026-05-11 09:49:05,766 views 57491 Webhook Verification: signature=sha256=14ffd0321479720be1aef477980b92f01231cba468f71fb313f9cabab280cbe1 timestamp=1778492945001 batch_id=f2d88463db304405bc79b1a1222815f7
INFO 2026-05-11 09:49:05,766 views 57491 Webhook Verification: signature MATCHED for message: b'1778492945001.f2d88463db304405bc79b1a1222815f7'
INFO 2026-05-11 09:49:05,766 views 57491 WEBHOOK[0b8fc7c7]: received batch of 1 message(s)
DEBUG 2026-05-11 09:49:36,570 views 57491 Webhook Verification: signature=sha256=3c95cbb6ad0f1dc462b652a890665d442cf3871dd3c94b9cbdcaa9de1453bb9a timestamp=1778492975782 batch_id=1c60f638a33645f4b61d649c2f3fcf6f
INFO 2026-05-11 09:49:36,570 views 57491 Webhook Verification: signature MATCHED for message: b'1778492975782.1c60f638a33645f4b61d649c2f3fcf6f'
INFO 2026-05-11 09:49:36,570 views 57491 WEBHOOK[cc346404]: received batch of 1 message(s)
DEBUG 2026-05-11 09:49:57,515 views 57491 Webhook Verification: signature=sha256=31ecd1c741d81e8f76849ca9171a8e87dbb7aa19ba80c1e08e684473c893350c timestamp=1778492997120 batch_id=0ae44f95a1ac40c7ab6413f8f5c749c3
INFO 2026-05-11 09:49:57,515 views 57491 Webhook Verification: signature MATCHED for message: b'1778492997120.0ae44f95a1ac40c7ab6413f8f5c749c3'
INFO 2026-05-11 09:49:57,516 views 57491 WEBHOOK[b89d8f0c]: received batch of 1 message(s)
DEBUG 2026-05-11 09:50:05,761 views 57491 Webhook Verification: signature=sha256=aafea878b6c146cf7ceafc4d992c18c7641e494d0473f5f7a9be7e11a242eb89 timestamp=1778493005040 batch_id=de99c285928740038cf74e1946ac9224
INFO 2026-05-11 09:50:05,761 views 57491 Webhook Verification: signature MATCHED for message: b'1778493005040.de99c285928740038cf74e1946ac9224'
INFO 2026-05-11 09:50:05,761 views 57491 WEBHOOK[bba72bd9]: received batch of 1 message(s)
DEBUG 2026-05-11 09:50:09,673 views 57491 Webhook Verification: signature=sha256=b53c9fe7c7c9aa7a915eb3622a1873a6ed2bd52c32f84a21d46e54767a70d6e7 timestamp=1778493008822 batch_id=57a9152b0b4e4d6389e0fc39f918b058
INFO 2026-05-11 09:50:09,673 views 57491 Webhook Verification: signature MATCHED for message: b'1778493008822.57a9152b0b4e4d6389e0fc39f918b058'
INFO 2026-05-11 09:50:09,673 views 57491 WEBHOOK[ac2e2822]: received batch of 1 message(s)
DEBUG 2026-05-11 09:50:12,833 views 57491 Webhook Verification: signature=sha256=5ac50c2eb365a730db4f2d099390907fc8dfc3236b64f2b26f4911a5eeef5809 timestamp=1778493011879 batch_id=01e61afe30cd463f9ab5a0de25a713c0
INFO 2026-05-11 09:50:12,833 views 57491 Webhook Verification: signature MATCHED for message: b'1778493011879.01e61afe30cd463f9ab5a0de25a713c0'
INFO 2026-05-11 09:50:12,833 views 57491 WEBHOOK[452279a1]: received batch of 1 message(s)
DEBUG 2026-05-11 09:50:15,476 views 57491 Webhook Verification: signature=sha256=126b486b5d3035f654f868e318373ae40bae633ede0e192e127e84c3b7a25d58 timestamp=1778493014444 batch_id=19532991afc5466aa537f02ac31ca0be
INFO 2026-05-11 09:50:15,477 views 57491 Webhook Verification: signature MATCHED for message: b'1778493014444.19532991afc5466aa537f02ac31ca0be'
INFO 2026-05-11 09:50:15,477 views 57491 WEBHOOK[e56a4c56]: received batch of 1 message(s)
DEBUG 2026-05-11 09:51:05,277 views 57491 Webhook Verification: signature=sha256=9d900b63338a417eef8b30681da1d8436e08e478bfb1243cf48de3a4e5eb6af8 timestamp=1778493064652 batch_id=b2e1ab47f738452aa13b344a4846ac62
INFO 2026-05-11 09:51:05,277 views 57491 Webhook Verification: signature MATCHED for message: b'1778493064652.b2e1ab47f738452aa13b344a4846ac62'
INFO 2026-05-11 09:51:05,278 views 57491 WEBHOOK[4fe80c15]: received batch of 1 message(s)
DEBUG 2026-05-11 09:51:08,866 views 57491 Webhook Verification: signature=sha256=2dd00f7f2b1b370657a61cf2dfd96ad9d91a14a5cce15dc6752e114ca43aed2f timestamp=1778493068123 batch_id=b30f359492234328b27213de1374e1dd
INFO 2026-05-11 09:51:08,866 views 57491 Webhook Verification: signature MATCHED for message: b'1778493068123.b30f359492234328b27213de1374e1dd'
INFO 2026-05-11 09:51:08,866 views 57491 WEBHOOK[4f7d9a2c]: received batch of 1 message(s)
WARNING 2026-05-11 09:51:32,855 log 57491 Unauthorized: /api/v1/guarding/
WARNING 2026-05-11 09:51:32,856 basehttp 57491 "GET /api/v1/guarding/ HTTP/1.1" 401 5169
WARNING 2026-05-11 09:51:36,828 log 57491 Unauthorized: /api/v1/
WARNING 2026-05-11 09:51:36,828 basehttp 57491 "GET /api/v1/ HTTP/1.1" 401 5024
WARNING 2026-05-11 09:51:43,658 log 57491 Not Found: /api
WARNING 2026-05-11 09:51:43,658 basehttp 57491 "GET /api HTTP/1.1" 404 7149
WARNING 2026-05-11 09:51:48,341 log 57491 Unauthorized: /api/v1/
WARNING 2026-05-11 09:51:48,341 basehttp 57491 "GET /api/v1/ HTTP/1.1" 401 5024
WARNING 2026-05-11 09:51:54,888 log 57491 Unauthorized: /api/v1/
WARNING 2026-05-11 09:51:54,888 basehttp 57491 "GET /api/v1/ HTTP/1.1" 401 5024
DEBUG 2026-05-11 09:52:08,267 views 57491 Webhook Verification: signature=sha256=35630ef174489ccf1ef19d827d5208fdcfe1e969a9be4e190493956fbffd874e timestamp=1778493127667 batch_id=b034e7a0137f4fef84f73f7d38c99f89
INFO 2026-05-11 09:52:08,267 views 57491 Webhook Verification: signature MATCHED for message: b'1778493127667.b034e7a0137f4fef84f73f7d38c99f89'
INFO 2026-05-11 09:52:08,268 views 57491 WEBHOOK[b6c57919]: received batch of 1 message(s)
DEBUG 2026-05-11 09:52:19,702 views 57491 Webhook Verification: signature=sha256=7fe4377b16f1b030f9610019439970760453a344717aa1d7835026cf9fb39913 timestamp=1778493138727 batch_id=320b91286417423f8bd2181ac59491a1
INFO 2026-05-11 09:52:19,702 views 57491 Webhook Verification: signature MATCHED for message: b'1778493138727.320b91286417423f8bd2181ac59491a1'
INFO 2026-05-11 09:52:19,702 views 57491 WEBHOOK[26c03d53]: received batch of 1 message(s)
DEBUG 2026-05-11 09:52:23,692 views 57491 Webhook Verification: signature=sha256=c918ad1be2826ce99c75c3540c2443d8a81815ca2deb9f85592b8fcafc16979b timestamp=1778493143559 batch_id=e0791030d7b44330b3b543dfcee35d55
INFO 2026-05-11 09:52:23,692 views 57491 Webhook Verification: signature MATCHED for message: b'1778493143559.e0791030d7b44330b3b543dfcee35d55'
INFO 2026-05-11 09:52:23,692 views 57491 WEBHOOK[33ebf2a8]: received batch of 1 message(s)
